Level	Kanji	KanjiStroke	Meaning	Type	DO NOT CHANGE	Tags
10	落	"<img src=""0843d.svg"">"	Fall	Kanji Drawing	-	Kanji_Drawing Level_10
10	農	"<img src=""08fb2.svg"">"	Farming, Agriculture	Kanji Drawing	-	Kanji_Drawing Level_10
10	速	"<img src=""0901f.svg"">"	Fast	Kanji Drawing	-	Kanji_Drawing Level_10
10	頭	"<img src=""0982d.svg"">"	Head	Kanji Drawing	-	Kanji_Drawing Level_10
10	聞	"<img src=""0805e.svg"">"	Hear	Kanji Drawing	-	Kanji_Drawing Level_10
10	院	"<img src=""09662.svg"">"	Institution	Kanji Drawing	-	Kanji_Drawing Level_10
10	調	"<img src=""08abf.svg"">"	Investigate, Tone	Kanji Drawing	-	Kanji_Drawing Level_10
10	鉄	"<img src=""09244.svg"">"	Iron	Kanji Drawing	-	Kanji_Drawing Level_10
10	語	"<img src=""08a9e.svg"">"	Language	Kanji Drawing	-	Kanji_Drawing Level_10
10	葉	"<img src=""08449.svg"">"	Leaf, Leaves	Kanji Drawing	-	Kanji_Drawing Level_10
10	習	"<img src=""07fd2.svg"">"	Learn	Kanji Drawing	-	Kanji_Drawing Level_10
10	軽	"<img src=""08efd.svg"">"	Lightweight, Light, Light Weight	Kanji Drawing	-	Kanji_Drawing Level_10
10	線	"<img src=""07dda.svg"">"	Line	Kanji Drawing	-	Kanji_Drawing Level_10
10	最	"<img src=""06700.svg"">"	Most	Kanji Drawing	-	Kanji_Drawing Level_10
10	開	"<img src=""0958b.svg"">"	Open	Kanji Drawing	-	Kanji_Drawing Level_10
10	親	"<img src=""089aa.svg"">"	Parent	Kanji Drawing	-	Kanji_Drawing Level_10
10	読	"<img src=""08aad.svg"">"	Read	Kanji Drawing	-	Kanji_Drawing Level_10
10	求	"<img src=""06c42.svg"">"	Request	Kanji Drawing	-	Kanji_Drawing Level_10
10	転	"<img src=""08ee2.svg"">"	Revolve	Kanji Drawing	-	Kanji_Drawing Level_10
10	路	"<img src=""08def.svg"">"	Road	Kanji Drawing	-	Kanji_Drawing Level_10
10	病	"<img src=""075c5.svg"">"	Sick, Sickness, Ill, Illness	Kanji Drawing	-	Kanji_Drawing Level_10
10	横	"<img src=""06a2a.svg"">"	Side, Horizontal	Kanji Drawing	-	Kanji_Drawing Level_10
10	歌	"<img src=""06b4c.svg"">"	Song, Sing	Kanji Drawing	-	Kanji_Drawing Level_10
10	起	"<img src=""08d77.svg"">"	Wake Up	Kanji Drawing	-	Kanji_Drawing Level_10
11	功	"<img src=""0529f.svg"">"	Achievement, Accomplishment	Kanji Drawing	-	Kanji_Drawing Level_11
11	競	"<img src=""07af6.svg"">"	Compete	Kanji Drawing	-	Kanji_Drawing Level_11
11	追	"<img src=""08ffd.svg"">"	Follow, Chase	Kanji Drawing	-	Kanji_Drawing Level_11
11	良	"<img src=""0826f.svg"">"	Good	Kanji Drawing	-	Kanji_Drawing Level_11
11	令	"<img src=""04ee4.svg"">"	Orders	Kanji Drawing	-	Kanji_Drawing Level_11
11	位	"<img src=""04f4d.svg"">"	Rank	Kanji Drawing	-	Kanji_Drawing Level_11
11	秒	"<img src=""079d2.svg"">"	Second	Kanji Drawing	-	Kanji_Drawing Level_11
12	息	"<img src=""0606f.svg"">"	Breath	Kanji Drawing	-	Kanji_Drawing Level_12
12	章	"<img src=""07ae0.svg"">"	Chapter	Kanji Drawing	-	Kanji_Drawing Level_12
12	深	"<img src=""06df1.svg"">"	Deep	Kanji Drawing	-	Kanji_Drawing Level_12
12	倍	"<img src=""0500d.svg"">"	Double, Times, Multiply	Kanji Drawing	-	Kanji_Drawing Level_12
12	童	"<img src=""07ae5.svg"">"	Juvenile	Kanji Drawing	-	Kanji_Drawing Level_12
12	商	"<img src=""05546.svg"">"	Merchandise	Kanji Drawing	-	Kanji_Drawing Level_12
12	植	"<img src=""0690d.svg"">"	Plant	Kanji Drawing	-	Kanji_Drawing Level_12
12	根	"<img src=""06839.svg"">"	Root	Kanji Drawing	-	Kanji_Drawing Level_12
12	流	"<img src=""06d41.svg"">"	Stream	Kanji Drawing	-	Kanji_Drawing Level_12
12	陽	"<img src=""0967d.svg"">"	Sunshine, Sunlight	Kanji Drawing	-	Kanji_Drawing Level_12
13	橋	"<img src=""06a4b.svg"">"	Bridge	Kanji Drawing	-	Kanji_Drawing Level_13
13	疑	"<img src=""07591.svg"">"	Doubt	Kanji Drawing	-	Kanji_Drawing Level_13
13	養	"<img src=""0990a.svg"">"	Foster	Kanji Drawing	-	Kanji_Drawing Level_13
13	億	"<img src=""05104.svg"">"	Hundred Million	Kanji Drawing	-	Kanji_Drawing Level_13
13	賞	"<img src=""08cde.svg"">"	Prize	Kanji Drawing	-	Kanji_Drawing Level_13
13	映	"<img src=""06620.svg"">"	Reflect, Reflection	Kanji Drawing	-	Kanji_Drawing Level_13
13	課	"<img src=""08ab2.svg"">"	Section	Kanji Drawing	-	Kanji_Drawing Level_13
13	像	"<img src=""050cf.svg"">"	Statue, Image	Kanji Drawing	-	Kanji_Drawing Level_13
14	雰	"<img src=""096f0.svg"">"	Atmosphere	Kanji Drawing	-	Kanji_Drawing Level_14
14	周	"<img src=""05468.svg"">"	Circumference	Kanji Drawing	-	Kanji_Drawing Level_14
14	基	"<img src=""057fa.svg"">"	Foundation	Kanji Drawing	-	Kanji_Drawing Level_14
14	妥	"<img src=""059a5.svg"">"	Gentle	Kanji Drawing	-	Kanji_Drawing Level_14
14	固	"<img src=""056fa.svg"">"	Hard	Kanji Drawing	-	Kanji_Drawing Level_14
14	材	"<img src=""06750.svg"">"	Lumber, Material, Timber	Kanji Drawing	-	Kanji_Drawing Level_14
14	松	"<img src=""0677e.svg"">"	Pine, Pine Tree	Kanji Drawing	-	Kanji_Drawing Level_14
14	技	"<img src=""06280.svg"">"	Skill	Kanji Drawing	-	Kanji_Drawing Level_14
14	苺	"<img src=""082fa.svg"">"	Strawberry	Kanji Drawing	-	Kanji_Drawing Level_14
14	囲	"<img src=""056f2.svg"">"	Surround	Kanji Drawing	-	Kanji_Drawing Level_14
14	希	"<img src=""05e0c.svg"">"	Wish	Kanji Drawing	-	Kanji_Drawing Level_14
14	狼	"<img src=""072fc.svg"">"	Wolf	Kanji Drawing	-	Kanji_Drawing Level_14
15	紀	"<img src=""07d00.svg"">"	Account, Narrative	Kanji Drawing	-	Kanji_Drawing Level_15
15	軍	"<img src=""08ecd.svg"">"	Army	Kanji Drawing	-	Kanji_Drawing Level_15
15	岩	"<img src=""05ca9.svg"">"	Boulder	Kanji Drawing	-	Kanji_Drawing Level_15
15	築	"<img src=""07bc9.svg"">"	Construct, Build	Kanji Drawing	-	Kanji_Drawing Level_15
15	司	"<img src=""053f8.svg"">"	Director	Kanji Drawing	-	Kanji_Drawing Level_15
15	区	"<img src=""0533a.svg"">"	District, Ward	Kanji Drawing	-	Kanji_Drawing Level_15
15	毒	"<img src=""06bd2.svg"">"	Poison	Kanji Drawing	-	Kanji_Drawing Level_15
15	坂	"<img src=""05742.svg"">"	Slope	Kanji Drawing	-	Kanji_Drawing Level_15
16	箱	"<img src=""07bb1.svg"">"	Box	Kanji Drawing	-	Kanji_Drawing Level_16
16	冒	"<img src=""05192.svg"">"	Dare	Kanji Drawing	-	Kanji_Drawing Level_16
16	存	"<img src=""05b58.svg"">"	Exist, Suppose	Kanji Drawing	-	Kanji_Drawing Level_16
16	門	"<img src=""09580.svg"">"	Gates, Gate	Kanji Drawing	-	Kanji_Drawing Level_16
17	底	"<img src=""05e95.svg"">"	Bottom	Kanji Drawing	-	Kanji_Drawing Level_17
17	因	"<img src=""056e0.svg"">"	Cause	Kanji Drawing	-	Kanji_Drawing Level_17
17	詳	"<img src=""08a73.svg"">"	Detailed	Kanji Drawing	-	Kanji_Drawing Level_17
17	識	"<img src=""08b58.svg"">"	Discerning, Discriminating, Know	Kanji Drawing	-	Kanji_Drawing Level_17
17	干	"<img src=""05e72.svg"">"	Dry	Kanji Drawing	-	Kanji_Drawing Level_17
17	渉	"<img src=""06e09.svg"">"	Ford	Kanji Drawing	-	Kanji_Drawing Level_17
17	署	"<img src=""07f72.svg"">"	Government Office, Political Office, Office	Kanji Drawing	-	Kanji_Drawing Level_17
17	幻	"<img src=""05e7b.svg"">"	Illusion	Kanji Drawing	-	Kanji_Drawing Level_17
17	常	"<img src=""05e38.svg"">"	Normal, Ordinary, Usual	Kanji Drawing	-	Kanji_Drawing Level_17
17	栄	"<img src=""06804.svg"">"	Prosper, Flourish	Kanji Drawing	-	Kanji_Drawing Level_17
17	塩	"<img src=""05869.svg"">"	Salt	Kanji Drawing	-	Kanji_Drawing Level_17
17	兵	"<img src=""05175.svg"">"	Soldier	Kanji Drawing	-	Kanji_Drawing Level_17
17	虚	"<img src=""0865a.svg"">"	Void	Kanji Drawing	-	Kanji_Drawing Level_17
18	弓	"<img src=""05f13.svg"">"	Bow	Kanji Drawing	-	Kanji_Drawing Level_18
18	脳	"<img src=""08133.svg"">"	Brain	Kanji Drawing	-	Kanji_Drawing Level_18
18	飴	"<img src=""098f4.svg"">"	Candy	Kanji Drawing	-	Kanji_Drawing Level_18
18	苛	"<img src=""082db.svg"">"	Frustration	Kanji Drawing	-	Kanji_Drawing Level_18
18	訓	"<img src=""08a13.svg"">"	Instruction	Kanji Drawing	-	Kanji_Drawing Level_18
18	可	"<img src=""053ef.svg"">"	Possible, Passable	Kanji Drawing	-	Kanji_Drawing Level_18
18	僧	"<img src=""050e7.svg"">"	Priest, Monk	Kanji Drawing	-	Kanji_Drawing Level_18
18	汽	"<img src=""06c7d.svg"">"	Steam	Kanji Drawing	-	Kanji_Drawing Level_18
18	叩	"<img src=""053e9.svg"">"	Strike, Beat	Kanji Drawing	-	Kanji_Drawing Level_18
18	禅	"<img src=""07985.svg"">"	Zen, Zen Buddhism	Kanji Drawing	-	Kanji_Drawing Level_18
19	得	"<img src=""05f97.svg"">"	Acquire	Kanji Drawing	-	Kanji_Drawing Level_19
19	閥	"<img src=""095a5.svg"">"	Clique, Clan	Kanji Drawing	-	Kanji_Drawing Level_19
19	減	"<img src=""06e1b.svg"">"	Decrease	Kanji Drawing	-	Kanji_Drawing Level_19
19	易	"<img src=""06613.svg"">"	Easy	Kanji Drawing	-	Kanji_Drawing Level_19
19	笛	"<img src=""07b1b.svg"">"	Flute	Kanji Drawing	-	Kanji_Drawing Level_19
19	昆	"<img src=""06606.svg"">"	Insect	Kanji Drawing	-	Kanji_Drawing Level_19
19	徒	"<img src=""05f92.svg"">"	Junior, Follower	Kanji Drawing	-	Kanji_Drawing Level_19
19	乱	"<img src=""04e71.svg"">"	Riot	Kanji Drawing	-	Kanji_Drawing Level_19
19	舌	"<img src=""0820c.svg"">"	Tongue	Kanji Drawing	-	Kanji_Drawing Level_19
19	暴	"<img src=""066b4.svg"">"	Violence	Kanji Drawing	-	Kanji_Drawing Level_19
20	裕	"<img src=""088d5.svg"">"	Abundant, Plentiful	Kanji Drawing	-	Kanji_Drawing Level_20
20	確	"<img src=""078ba.svg"">"	Certain	Kanji Drawing	-	Kanji_Drawing Level_20
20	械	"<img src=""068b0.svg"">"	Contraption	Kanji Drawing	-	Kanji_Drawing Level_20
20	害	"<img src=""05bb3.svg"">"	Damage, Injury, Harm	Kanji Drawing	-	Kanji_Drawing Level_20
20	災	"<img src=""0707d.svg"">"	Disaster	Kanji Drawing	-	Kanji_Drawing Level_20
20	在	"<img src=""05728.svg"">"	Exist	Kanji Drawing	-	Kanji_Drawing Level_20
20	穴	"<img src=""07a74.svg"">"	Hole, Cave	Kanji Drawing	-	Kanji_Drawing Level_20
20	被	"<img src=""088ab.svg"">"	Incur	Kanji Drawing	-	Kanji_Drawing Level_20
20	妨	"<img src=""059a8.svg"">"	Obstruct, Impede	Kanji Drawing	-	Kanji_Drawing Level_20
20	倒	"<img src=""05012.svg"">"	Overthrow, Collapse	Kanji Drawing	-	Kanji_Drawing Level_20
20	率	"<img src=""07387.svg"">"	Percent, Percentage	Kanji Drawing	-	Kanji_Drawing Level_20
20	圧	"<img src=""05727.svg"">"	Pressure	Kanji Drawing	-	Kanji_Drawing Level_20
20	臭	"<img src=""081ed.svg"">"	Stinking, Stinky, Smelly	Kanji Drawing	-	Kanji_Drawing Level_20
20	余	"<img src=""04f59.svg"">"	Surplus, Excess	Kanji Drawing	-	Kanji_Drawing Level_20
20	尾	"<img src=""05c3e.svg"">"	Tail	Kanji Drawing	-	Kanji_Drawing Level_20
20	厚	"<img src=""0539a.svg"">"	Thick	Kanji Drawing	-	Kanji_Drawing Level_20
20	妻	"<img src=""059bb.svg"">"	Wife	Kanji Drawing	-	Kanji_Drawing Level_20
21	責	"<img src=""08cac.svg"">"	Blame	Kanji Drawing	-	Kanji_Drawing Level_21
21	条	"<img src=""06761.svg"">"	Clause	Kanji Drawing	-	Kanji_Drawing Level_21
21	委	"<img src=""059d4.svg"">"	Committee	Kanji Drawing	-	Kanji_Drawing Level_21
21	省	"<img src=""07701.svg"">"	Conserve	Kanji Drawing	-	Kanji_Drawing Level_21
21	批	"<img src=""06279.svg"">"	Criticism	Kanji Drawing	-	Kanji_Drawing Level_21
21	任	"<img src=""04efb.svg"">"	Duty	Kanji Drawing	-	Kanji_Drawing Level_21
21	羨	"<img src=""07fa8.svg"">"	Envy, Jealousy	Kanji Drawing	-	Kanji_Drawing Level_21
21	設	"<img src=""08a2d.svg"">"	Establish	Kanji Drawing	-	Kanji_Drawing Level_21
21	評	"<img src=""08a55.svg"">"	Evaluate	Kanji Drawing	-	Kanji_Drawing Level_21
21	岡	"<img src=""05ca1.svg"">"	Hill	Kanji Drawing	-	Kanji_Drawing Level_21
21	増	"<img src=""05897.svg"">"	Increase	Kanji Drawing	-	Kanji_Drawing Level_21
21	企	"<img src=""04f01.svg"">"	Plan	Kanji Drawing	-	Kanji_Drawing Level_21
21	認	"<img src=""08a8d.svg"">"	Recognize	Kanji Drawing	-	Kanji_Drawing Level_21
21	権	"<img src=""06a29.svg"">"	Rights	Kanji Drawing	-	Kanji_Drawing Level_21
21	派	"<img src=""06d3e.svg"">"	Sect, Faction	Kanji Drawing	-	Kanji_Drawing Level_21
21	総	"<img src=""07dcf.svg"">"	Whole	Kanji Drawing	-	Kanji_Drawing Level_21
22	援	"<img src=""063f4.svg"">"	Aid, Assist	Kanji Drawing	-	Kanji_Drawing Level_22
22	各	"<img src=""05404.svg"">"	Each	Kanji Drawing	-	Kanji_Drawing Level_22
22	姿	"<img src=""059ff.svg"">"	Figure, Shape, Form	Kanji Drawing	-	Kanji_Drawing Level_22
22	勢	"<img src=""052e2.svg"">"	Force	Kanji Drawing	-	Kanji_Drawing Level_22
22	諦	"<img src=""08ae6.svg"">"	Give Up, Abandon	Kanji Drawing	-	Kanji_Drawing Level_22
22	罰	"<img src=""07f70.svg"">"	Penalty, Punishment	Kanji Drawing	-	Kanji_Drawing Level_22
22	策	"<img src=""07b56.svg"">"	Plan	Kanji Drawing	-	Kanji_Drawing Level_22
22	域	"<img src=""057df.svg"">"	Region, Boundary	Kanji Drawing	-	Kanji_Drawing Level_22
22	応	"<img src=""05fdc.svg"">"	Respond	Kanji Drawing	-	Kanji_Drawing Level_22
22	宮	"<img src=""05bae.svg"">"	Shinto Shrine, Shrine, Palace	Kanji Drawing	-	Kanji_Drawing Level_22
22	袖	"<img src=""08896.svg"">"	Sleeve	Kanji Drawing	-	Kanji_Drawing Level_22
22	副	"<img src=""0526f.svg"">"	Vice, Side	Kanji Drawing	-	Kanji_Drawing Level_22
22	藤	"<img src=""085e4.svg"">"	Wisteria	Kanji Drawing	-	Kanji_Drawing Level_22
23	崎	"<img src=""05d0e.svg"">"	Cape	Kanji Drawing	-	Kanji_Drawing Level_23
23	施	"<img src=""065bd.svg"">"	Carry Out	Kanji Drawing	-	Kanji_Drawing Level_23
23	鬼	"<img src=""09b3c.svg"">"	Demon	Kanji Drawing	-	Kanji_Drawing Level_23
23	秀	"<img src=""079c0.svg"">"	Excel	Kanji Drawing	-	Kanji_Drawing Level_23
23	裁	"<img src=""088c1.svg"">"	Judge	Kanji Drawing	-	Kanji_Drawing Level_23
23	律	"<img src=""05f8b.svg"">"	Law	Kanji Drawing	-	Kanji_Drawing Level_23
23	革	"<img src=""09769.svg"">"	Leather	Kanji Drawing	-	Kanji_Drawing Level_23
23	贅	"<img src=""08d05.svg"">"	Luxury	Kanji Drawing	-	Kanji_Drawing Level_23
23	演	"<img src=""06f14.svg"">"	Perform, Performance	Kanji Drawing	-	Kanji_Drawing Level_23
23	則	"<img src=""05247.svg"">"	Rule	Kanji Drawing	-	Kanji_Drawing Level_23
23	規	"<img src=""0898f.svg"">"	Standard	Kanji Drawing	-	Kanji_Drawing Level_23
24	庁	"<img src=""05e81.svg"">"	Agency, Government Office	Kanji Drawing	-	Kanji_Drawing Level_24
24	燃	"<img src=""071c3.svg"">"	Burn	Kanji Drawing	-	Kanji_Drawing Level_24
24	担	"<img src=""062c5.svg"">"	Carry, Bear	Kanji Drawing	-	Kanji_Drawing Level_24
24	届	"<img src=""05c4a.svg"">"	Deliver	Kanji Drawing	-	Kanji_Drawing Level_24
24	層	"<img src=""05c64.svg"">"	Layer	Kanji Drawing	-	Kanji_Drawing Level_24
24	製	"<img src=""088fd.svg"">"	Manufacture	Kanji Drawing	-	Kanji_Drawing Level_24
24	述	"<img src=""08ff0.svg"">"	Mention	Kanji Drawing	-	Kanji_Drawing Level_24
24	武	"<img src=""06b66.svg"">"	Military	Kanji Drawing	-	Kanji_Drawing Level_24
24	型	"<img src=""0578b.svg"">"	Model, Type	Kanji Drawing	-	Kanji_Drawing Level_24
24	管	"<img src=""07ba1.svg"">"	Pipe	Kanji Drawing	-	Kanji_Drawing Level_24
24	載	"<img src=""08f09.svg"">"	Publish	Kanji Drawing	-	Kanji_Drawing Level_24
24	量	"<img src=""091cf.svg"">"	Quantity, Amount	Kanji Drawing	-	Kanji_Drawing Level_24
24	株	"<img src=""0682a.svg"">"	Stocks, Shares	Kanji Drawing	-	Kanji_Drawing Level_24
25	居	"<img src=""05c45.svg"">"	Alive	Kanji Drawing	-	Kanji_Drawing Level_25
25	逮	"<img src=""0902e.svg"">"	Apprehend	Kanji Drawing	-	Kanji_Drawing Level_25
25	票	"<img src=""07968.svg"">"	Ballot	Kanji Drawing	-	Kanji_Drawing Level_25
25	属	"<img src=""05c5e.svg"">"	Belong	Kanji Drawing	-	Kanji_Drawing Level_25
25	捉	"<img src=""06349.svg"">"	Catch	Kanji Drawing	-	Kanji_Drawing Level_25
25	況	"<img src=""06cc1.svg"">"	Condition	Kanji Drawing	-	Kanji_Drawing Level_25
25	抜	"<img src=""0629c.svg"">"	Extract	Kanji Drawing	-	Kanji_Drawing Level_25
25	与	"<img src=""04e0e.svg"">"	Give	Kanji Drawing	-	Kanji_Drawing Level_25
25	掛	"<img src=""0639b.svg"">"	Hang	Kanji Drawing	-	Kanji_Drawing Level_25
25	隠	"<img src=""096a0.svg"">"	Hide	Kanji Drawing	-	Kanji_Drawing Level_25
25	模	"<img src=""06a21.svg"">"	Imitation	Kanji Drawing	-	Kanji_Drawing Level_25
25	含	"<img src=""0542b.svg"">"	Include	Kanji Drawing	-	Kanji_Drawing Level_25
25	訟	"<img src=""08a1f.svg"">"	Lawsuit	Kanji Drawing	-	Kanji_Drawing Level_25
25	肥	"<img src=""080a5.svg"">"	Obese	Kanji Drawing	-	Kanji_Drawing Level_25
25	豊	"<img src=""08c4a.svg"">"	Plentiful	Kanji Drawing	-	Kanji_Drawing Level_25
25	絞	"<img src=""07d5e.svg"">"	Strangle	Kanji Drawing	-	Kanji_Drawing Level_25
25	訴	"<img src=""08a34.svg"">"	Sue	Kanji Drawing	-	Kanji_Drawing Level_25
25	補	"<img src=""088dc.svg"">"	Supplement	Kanji Drawing	-	Kanji_Drawing Level_25
26	独	"<img src=""072ec.svg"">"	Alone	Kanji Drawing	-	Kanji_Drawing Level_26
26	獣	"<img src=""07363.svg"">"	Beast, Animal	Kanji Drawing	-	Kanji_Drawing Level_26
26	討	"<img src=""08a0e.svg"">"	Chastise	Kanji Drawing	-	Kanji_Drawing Level_26
26	創	"<img src=""05275.svg"">"	Create	Kanji Drawing	-	Kanji_Drawing Level_26
26	造	"<img src=""09020.svg"">"	Create	Kanji Drawing	-	Kanji_Drawing Level_26
26	励	"<img src=""052b1.svg"">"	Encourage	Kanji Drawing	-	Kanji_Drawing Level_26
26	激	"<img src=""06fc0.svg"">"	Fierce, Violent	Kanji Drawing	-	Kanji_Drawing Level_26
26	針	"<img src=""091dd.svg"">"	Needle	Kanji Drawing	-	Kanji_Drawing Level_26
26	河	"<img src=""06cb3.svg"">"	River	Kanji Drawing	-	Kanji_Drawing Level_26
26	怪	"<img src=""0602a.svg"">"	Suspicious	Kanji Drawing	-	Kanji_Drawing Level_26
26	汗	"<img src=""06c57.svg"">"	Sweat	Kanji Drawing	-	Kanji_Drawing Level_26
27	昇	"<img src=""06607.svg"">"	Ascend	Kanji Drawing	-	Kanji_Drawing Level_27
27	睡	"<img src=""07761.svg"">"	Drowsy	Kanji Drawing	-	Kanji_Drawing Level_27
27	端	"<img src=""07aef.svg"">"	Edge	Kanji Drawing	-	Kanji_Drawing Level_27
27	郎	"<img src=""090ce.svg"">"	Guy	Kanji Drawing	-	Kanji_Drawing Level_27
27	惑	"<img src=""060d1.svg"">"	Misguided	Kanji Drawing	-	Kanji_Drawing Level_27
27	退	"<img src=""09000.svg"">"	Retreat, Reject	Kanji Drawing	-	Kanji_Drawing Level_27
27	途	"<img src=""09014.svg"">"	Route	Kanji Drawing	-	Kanji_Drawing Level_27
27	胃	"<img src=""080c3.svg"">"	Stomach	Kanji Drawing	-	Kanji_Drawing Level_27
27	濃	"<img src=""06fc3.svg"">"	Thick	Kanji Drawing	-	Kanji_Drawing Level_27
27	迫	"<img src=""08feb.svg"">"	Urge, Compel, Coerce	Kanji Drawing	-	Kanji_Drawing Level_27
27	屈	"<img src=""05c48.svg"">"	Yield	Kanji Drawing	-	Kanji_Drawing Level_27
28	綺	"<img src=""07dba.svg"">"	Beautiful	Kanji Drawing	-	Kanji_Drawing Level_28
28	益	"<img src=""076ca.svg"">"	Benefit	Kanji Drawing	-	Kanji_Drawing Level_28
28	児	"<img src=""05150.svg"">"	Child	Kanji Drawing	-	Kanji_Drawing Level_28
28	処	"<img src=""051e6.svg"">"	Deal With	Kanji Drawing	-	Kanji_Drawing Level_28
28	博	"<img src=""0535a.svg"">"	Exhibition, Gambling	Kanji Drawing	-	Kanji_Drawing Level_28
28	程	"<img src=""07a0b.svg"">"	Extent	Kanji Drawing	-	Kanji_Drawing Level_28
28	凍	"<img src=""051cd.svg"">"	Frozen, Freeze	Kanji Drawing	-	Kanji_Drawing Level_28
28	巨	"<img src=""05de8.svg"">"	Giant	Kanji Drawing	-	Kanji_Drawing Level_28
28	並	"<img src=""04e26.svg"">"	Line Up	Kanji Drawing	-	Kanji_Drawing Level_28
28	麗	"<img src=""09e97.svg"">"	Lovely	Kanji Drawing	-	Kanji_Drawing Level_28
28	衆	"<img src=""08846.svg"">"	Populace	Kanji Drawing	-	Kanji_Drawing Level_28
28	清	"<img src=""06e05.svg"">"	Pure	Kanji Drawing	-	Kanji_Drawing Level_28
28	潔	"<img src=""06f54.svg"">"	Pure	Kanji Drawing	-	Kanji_Drawing Level_28
28	録	"<img src=""09332.svg"">"	Record	Kanji Drawing	-	Kanji_Drawing Level_28
28	逆	"<img src=""09006.svg"">"	Reverse, Opposite	Kanji Drawing	-	Kanji_Drawing Level_28
28	精	"<img src=""07cbe.svg"">"	Spirit, Pure	Kanji Drawing	-	Kanji_Drawing Level_28
28	隊	"<img src=""0968a.svg"">"	Squad	Kanji Drawing	-	Kanji_Drawing Level_28
28	妙	"<img src=""05999.svg"">"	Strange	Kanji Drawing	-	Kanji_Drawing Level_28
29	略	"<img src=""07565.svg"">"	Abbreviation, Abbreviate	Kanji Drawing	-	Kanji_Drawing Level_29
29	積	"<img src=""07a4d.svg"">"	Accumulate	Kanji Drawing	-	Kanji_Drawing Level_29
29	添	"<img src=""06dfb.svg"">"	Append	Kanji Drawing	-	Kanji_Drawing Level_29
29	宴	"<img src=""05bb4.svg"">"	Banquet	Kanji Drawing	-	Kanji_Drawing Level_29
29	督	"<img src=""07763.svg"">"	Coach	Kanji Drawing	-	Kanji_Drawing Level_29
29	診	"<img src=""08a3a.svg"">"	Diagnose	Kanji Drawing	-	Kanji_Drawing Level_29
29	欧	"<img src=""06b27.svg"">"	Europe	Kanji Drawing	-	Kanji_Drawing Level_29
29	恐	"<img src=""06050.svg"">"	Fear	Kanji Drawing	-	Kanji_Drawing Level_29
29	猛	"<img src=""0731b.svg"">"	Fierce	Kanji Drawing	-	Kanji_Drawing Level_29
29	監	"<img src=""076e3.svg"">"	Oversee	Kanji Drawing	-	Kanji_Drawing Level_29
29	請	"<img src=""08acb.svg"">"	Request	Kanji Drawing	-	Kanji_Drawing Level_29
29	索	"<img src=""07d22.svg"">"	Search	Kanji Drawing	-	Kanji_Drawing Level_29
29	臣	"<img src=""081e3.svg"">"	Servant, Retainer	Kanji Drawing	-	Kanji_Drawing Level_29
29	催	"<img src=""050ac.svg"">"	Sponsor	Kanji Drawing	-	Kanji_Drawing Level_29
29	詰	"<img src=""08a70.svg"">"	Stuffed	Kanji Drawing	-	Kanji_Drawing Level_29
29	閣	"<img src=""095a3.svg"">"	The Cabinet, Cabinet	Kanji Drawing	-	Kanji_Drawing Level_29
29	促	"<img src=""04fc3.svg"">"	Urge	Kanji Drawing	-	Kanji_Drawing Level_29
29	烈	"<img src=""070c8.svg"">"	Violent, Intense	Kanji Drawing	-	Kanji_Drawing Level_29
30	更	"<img src=""066f4.svg"">"	Again, Renew	Kanji Drawing	-	Kanji_Drawing Level_30
30	魅	"<img src=""09b45.svg"">"	Alluring	Kanji Drawing	-	Kanji_Drawing Level_30
30	騒	"<img src=""09a12.svg"">"	Boisterous	Kanji Drawing	-	Kanji_Drawing Level_30
30	飾	"<img src=""098fe.svg"">"	Decorate	Kanji Drawing	-	Kanji_Drawing Level_30
30	版	"<img src=""07248.svg"">"	Edition	Kanji Drawing	-	Kanji_Drawing Level_30
30	柵	"<img src=""067f5.svg"">"	Fence	Kanji Drawing	-	Kanji_Drawing Level_30
30	旗	"<img src=""065d7.svg"">"	Flag	Kanji Drawing	-	Kanji_Drawing Level_30
30	浮	"<img src=""06d6e.svg"">"	Float	Kanji Drawing	-	Kanji_Drawing Level_30
30	漏	"<img src=""06f0f.svg"">"	Leak	Kanji Drawing	-	Kanji_Drawing Level_30
30	懐	"<img src=""061d0.svg"">"	Nostalgia	Kanji Drawing	-	Kanji_Drawing Level_30
30	枕	"<img src=""06795.svg"">"	Pillow	Kanji Drawing	-	Kanji_Drawing Level_30
30	快	"<img src=""05feb.svg"">"	Pleasant	Kanji Drawing	-	Kanji_Drawing Level_30
30	延	"<img src=""05ef6.svg"">"	Prolong	Kanji Drawing	-	Kanji_Drawing Level_30
30	匂	"<img src=""05302.svg"">"	Scent, Fragrance	Kanji Drawing	-	Kanji_Drawing Level_30
30	購	"<img src=""08cfc.svg"">"	Subscription	Kanji Drawing	-	Kanji_Drawing Level_30
30	適	"<img src=""09069.svg"">"	Suitable	Kanji Drawing	-	Kanji_Drawing Level_30
30	翌	"<img src=""07fcc.svg"">"	The Following, Following, Next	Kanji Drawing	-	Kanji_Drawing Level_30
30	濡	"<img src=""06fe1.svg"">"	Wet, Damp	Kanji Drawing	-	Kanji_Drawing Level_30
31	廊	"<img src=""05eca.svg"">"	Corridor	Kanji Drawing	-	Kanji_Drawing Level_31
31	径	"<img src=""05f84.svg"">"	Diameter	Kanji Drawing	-	Kanji_Drawing Level_31
31	融	"<img src=""0878d.svg"">"	Dissolve	Kanji Drawing	-	Kanji_Drawing Level_31
31	均	"<img src=""05747.svg"">"	Equal	Kanji Drawing	-	Kanji_Drawing Level_31
31	貨	"<img src=""08ca8.svg"">"	Freight	Kanji Drawing	-	Kanji_Drawing Level_31
31	孫	"<img src=""05b6b.svg"">"	Grandchild	Kanji Drawing	-	Kanji_Drawing Level_31
31	墓	"<img src=""05893.svg"">"	Grave	Kanji Drawing	-	Kanji_Drawing Level_31
31	幾	"<img src=""05e7e.svg"">"	How Many, How Much	Kanji Drawing	-	Kanji_Drawing Level_31
31	尋	"<img src=""05c0b.svg"">"	Inquire	Kanji Drawing	-	Kanji_Drawing Level_31
31	陸	"<img src=""09678.svg"">"	Land	Kanji Drawing	-	Kanji_Drawing Level_31
31	豪	"<img src=""08c6a.svg"">"	Luxurious	Kanji Drawing	-	Kanji_Drawing Level_31
31	鑑	"<img src=""09451.svg"">"	Model	Kanji Drawing	-	Kanji_Drawing Level_31
31	巣	"<img src=""05de3.svg"">"	Nest	Kanji Drawing	-	Kanji_Drawing Level_31
31	既	"<img src=""065e2.svg"">"	Previously	Kanji Drawing	-	Kanji_Drawing Level_31
31	救	"<img src=""06551.svg"">"	Rescue	Kanji Drawing	-	Kanji_Drawing Level_31
31	嘆	"<img src=""05606.svg"">"	Sigh	Kanji Drawing	-	Kanji_Drawing Level_31
31	偵	"<img src=""05075.svg"">"	Spy	Kanji Drawing	-	Kanji_Drawing Level_31
31	驚	"<img src=""09a5a.svg"">"	Surprised	Kanji Drawing	-	Kanji_Drawing Level_31
31	脈	"<img src=""08108.svg"">"	Vein	Kanji Drawing	-	Kanji_Drawing Level_31
32	酸	"<img src=""09178.svg"">"	Acid	Kanji Drawing	-	Kanji_Drawing Level_32
32	複	"<img src=""08907.svg"">"	Duplicate	Kanji Drawing	-	Kanji_Drawing Level_32
32	染	"<img src=""067d3.svg"">"	Dye	Kanji Drawing	-	Kanji_Drawing Level_32
32	永	"<img src=""06c38.svg"">"	Eternity	Kanji Drawing	-	Kanji_Drawing Level_32
32	液	"<img src=""06db2.svg"">"	Fluid, Liquid	Kanji Drawing	-	Kanji_Drawing Level_32
32	採	"<img src=""063a1.svg"">"	Gather	Kanji Drawing	-	Kanji_Drawing Level_32
32	志	"<img src=""05fd7.svg"">"	Intention	Kanji Drawing	-	Kanji_Drawing Level_32
32	恩	"<img src=""06069.svg"">"	Kindness	Kanji Drawing	-	Kanji_Drawing Level_32
32	党	"<img src=""0515a.svg"">"	Party, Group	Kanji Drawing	-	Kanji_Drawing Level_32
32	序	"<img src=""05e8f.svg"">"	Preface	Kanji Drawing	-	Kanji_Drawing Level_32
32	傷	"<img src=""050b7.svg"">"	Wound	Kanji Drawing	-	Kanji_Drawing Level_32
33	装	"<img src=""088c5.svg"">"	Attire	Kanji Drawing	-	Kanji_Drawing Level_33
33	著	"<img src=""08457.svg"">"	Author	Kanji Drawing	-	Kanji_Drawing Level_33
33	裏	"<img src=""088cf.svg"">"	Backside, Underside, Reverse	Kanji Drawing	-	Kanji_Drawing Level_33
33	股	"<img src=""080a1.svg"">"	Crotch, Groin, Fork	Kanji Drawing	-	Kanji_Drawing Level_33
33	垂	"<img src=""05782.svg"">"	Dangle, Drip	Kanji Drawing	-	Kanji_Drawing Level_33
33	漠	"<img src=""06f20.svg"">"	Desert, Vague	Kanji Drawing	-	Kanji_Drawing Level_33
33	異	"<img src=""07570.svg"">"	Differ	Kanji Drawing	-	Kanji_Drawing Level_33
33	拡	"<img src=""062e1.svg"">"	Extend	Kanji Drawing	-	Kanji_Drawing Level_33
33	忠	"<img src=""05fe0.svg"">"	Loyalty	Kanji Drawing	-	Kanji_Drawing Level_33
33	肺	"<img src=""080ba.svg"">"	Lung	Kanji Drawing	-	Kanji_Drawing Level_33
33	否	"<img src=""05426.svg"">"	No	Kanji Drawing	-	Kanji_Drawing Level_33
33	盛	"<img src=""076db.svg"">"	Pile, Prosperous, Heap	Kanji Drawing	-	Kanji_Drawing Level_33
33	宣	"<img src=""05ba3.svg"">"	Proclaim	Kanji Drawing	-	Kanji_Drawing Level_33
33	尊	"<img src=""05c0a.svg"">"	Revered	Kanji Drawing	-	Kanji_Drawing Level_33
33	熟	"<img src=""0719f.svg"">"	Ripen	Kanji Drawing	-	Kanji_Drawing Level_33
33	噂	"<img src=""05642.svg"">"	Rumor, Gossip	Kanji Drawing	-	Kanji_Drawing Level_33
33	納	"<img src=""07d0d.svg"">"	Supply	Kanji Drawing	-	Kanji_Drawing Level_33
33	諸	"<img src=""08af8.svg"">"	Various	Kanji Drawing	-	Kanji_Drawing Level_33
34	枝	"<img src=""0679d.svg"">"	Branch	Kanji Drawing	-	Kanji_Drawing Level_34
34	揮	"<img src=""063ee.svg"">"	Brandish	Kanji Drawing	-	Kanji_Drawing Level_34
34	爪	"<img src=""0722a.svg"">"	Claw	Kanji Drawing	-	Kanji_Drawing Level_34
34	承	"<img src=""0627f.svg"">"	Consent	Kanji Drawing	-	Kanji_Drawing Level_34
34	咳	"<img src=""054b3.svg"">"	Cough	Kanji Drawing	-	Kanji_Drawing Level_34
34	幕	"<img src=""05e55.svg"">"	Curtain	Kanji Drawing	-	Kanji_Drawing Level_34
34	歓	"<img src=""06b53.svg"">"	Delight	Kanji Drawing	-	Kanji_Drawing Level_34
34	奴	"<img src=""05974.svg"">"	Dude	Kanji Drawing	-	Kanji_Drawing Level_34
34	聖	"<img src=""08056.svg"">"	Holy	Kanji Drawing	-	Kanji_Drawing Level_34
34	臓	"<img src=""081d3.svg"">"	Internal Organs	Kanji Drawing	-	Kanji_Drawing Level_34
34	損	"<img src=""0640d.svg"">"	Loss	Kanji Drawing	-	Kanji_Drawing Level_34
34	磁	"<img src=""078c1.svg"">"	Magnet	Kanji Drawing	-	Kanji_Drawing Level_34
34	誤	"<img src=""08aa4.svg"">"	Mistake	Kanji Drawing	-	Kanji_Drawing Level_34
34	源	"<img src=""06e90.svg"">"	Origin	Kanji Drawing	-	Kanji_Drawing Level_34
34	芋	"<img src=""0828b.svg"">"	Potato	Kanji Drawing	-	Kanji_Drawing Level_34
34	純	"<img src=""07d14.svg"">"	Pure	Kanji Drawing	-	Kanji_Drawing Level_34
34	沿	"<img src=""06cbf.svg"">"	Run Alongside	Kanji Drawing	-	Kanji_Drawing Level_34
34	縮	"<img src=""07e2e.svg"">"	Shrink	Kanji Drawing	-	Kanji_Drawing Level_34
34	隷	"<img src=""096b7.svg"">"	Slave	Kanji Drawing	-	Kanji_Drawing Level_34
34	粋	"<img src=""07c8b.svg"">"	Stylish	Kanji Drawing	-	Kanji_Drawing Level_34
34	痩	"<img src=""075e9.svg"">"	Thin	Kanji Drawing	-	Kanji_Drawing Level_34
34	拝	"<img src=""062dd.svg"">"	Worship	Kanji Drawing	-	Kanji_Drawing Level_34
35	熊	"<img src=""0718a.svg"">"	Bear	Kanji Drawing	-	Kanji_Drawing Level_35
35	彫	"<img src=""05f6b.svg"">"	Carve	Kanji Drawing	-	Kanji_Drawing Level_35
35	杉	"<img src=""06749.svg"">"	Cedar	Kanji Drawing	-	Kanji_Drawing Level_35
35	喋	"<img src=""0558b.svg"">"	Chat, Talk	Kanji Drawing	-	Kanji_Drawing Level_35
35	銅	"<img src=""09285.svg"">"	Copper	Kanji Drawing	-	Kanji_Drawing Level_35
35	舎	"<img src=""0820e.svg"">"	Cottage	Kanji Drawing	-	Kanji_Drawing Level_35
35	炎	"<img src=""0708e.svg"">"	Flame, Blaze	Kanji Drawing	-	Kanji_Drawing Level_35
35	寿	"<img src=""05bff.svg"">"	Lifespan, Longevity	Kanji Drawing	-	Kanji_Drawing Level_35
35	測	"<img src=""06e2c.svg"">"	Measure	Kanji Drawing	-	Kanji_Drawing Level_35
35	己	"<img src=""05df1.svg"">"	Oneself, Self	Kanji Drawing	-	Kanji_Drawing Level_35
35	鍋	"<img src=""0934b.svg"">"	Pot	Kanji Drawing	-	Kanji_Drawing Level_35
35	獄	"<img src=""07344.svg"">"	Prison	Kanji Drawing	-	Kanji_Drawing Level_35
35	戚	"<img src=""0621a.svg"">"	Relatives	Kanji Drawing	-	Kanji_Drawing Level_35
35	為	"<img src=""070ba.svg"">"	Sake	Kanji Drawing	-	Kanji_Drawing Level_35
35	醤	"<img src=""091a4.svg"">"	Soy Sauce	Kanji Drawing	-	Kanji_Drawing Level_35
35	滞	"<img src=""06ede.svg"">"	Stagnate	Kanji Drawing	-	Kanji_Drawing Level_35
35	破	"<img src=""07834.svg"">"	Tear	Kanji Drawing	-	Kanji_Drawing Level_35
35	亀	"<img src=""04e80.svg"">"	Turtle	Kanji Drawing	-	Kanji_Drawing Level_35
35	酢	"<img src=""09162.svg"">"	Vinegar	Kanji Drawing	-	Kanji_Drawing Level_35
36	諾	"<img src=""08afe.svg"">"	Agreement	Kanji Drawing	-	Kanji_Drawing Level_36
36	盟	"<img src=""076df.svg"">"	Alliance	Kanji Drawing	-	Kanji_Drawing Level_36
36	債	"<img src=""050b5.svg"">"	Debt	Kanji Drawing	-	Kanji_Drawing Level_36
36	牙	"<img src=""07259.svg"">"	Fang, Tusk	Kanji Drawing	-	Kanji_Drawing Level_36
36	旧	"<img src=""065e7.svg"">"	Former	Kanji Drawing	-	Kanji_Drawing Level_36
36	般	"<img src=""0822c.svg"">"	Generally, General	Kanji Drawing	-	Kanji_Drawing Level_36
36	津	"<img src=""06d25.svg"">"	Haven	Kanji Drawing	-	Kanji_Drawing Level_36
36	療	"<img src=""07642.svg"">"	Heal	Kanji Drawing	-	Kanji_Drawing Level_36
36	継	"<img src=""07d99.svg"">"	Inherit	Kanji Drawing	-	Kanji_Drawing Level_36
36	遺	"<img src=""0907a.svg"">"	Leave Behind	Kanji Drawing	-	Kanji_Drawing Level_36
36	維	"<img src=""07dad.svg"">"	Maintain	Kanji Drawing	-	Kanji_Drawing Level_36
36	奈	"<img src=""05948.svg"">"	Nara	Kanji Drawing	-	Kanji_Drawing Level_36
36	核	"<img src=""06838.svg"">"	Nucleus	Kanji Drawing	-	Kanji_Drawing Level_36
36	廃	"<img src=""05ec3.svg"">"	Obsolete	Kanji Drawing	-	Kanji_Drawing Level_36
36	献	"<img src=""0732e.svg"">"	Offer	Kanji Drawing	-	Kanji_Drawing Level_36
36	沖	"<img src=""06c96.svg"">"	Open Sea	Kanji Drawing	-	Kanji_Drawing Level_36
36	摘	"<img src=""06458.svg"">"	Pluck	Kanji Drawing	-	Kanji_Drawing Level_36
36	及	"<img src=""053ca.svg"">"	Reach	Kanji Drawing	-	Kanji_Drawing Level_36
36	依	"<img src=""04f9d.svg"">"	Reliant, Dependent	Kanji Drawing	-	Kanji_Drawing Level_36
36	縄	"<img src=""07e04.svg"">"	Rope	Kanji Drawing	-	Kanji_Drawing Level_36
36	鮭	"<img src=""09bad.svg"">"	Salmon	Kanji Drawing	-	Kanji_Drawing Level_36
36	伸	"<img src=""04f38.svg"">"	Stretch	Kanji Drawing	-	Kanji_Drawing Level_36
36	姓	"<img src=""059d3.svg"">"	Surname, Family Name	Kanji Drawing	-	Kanji_Drawing Level_36
36	貿	"<img src=""08cbf.svg"">"	Trade	Kanji Drawing	-	Kanji_Drawing Level_36
36	幅	"<img src=""05e45.svg"">"	Width	Kanji Drawing	-	Kanji_Drawing Level_36
37	患	"<img src=""060a3.svg"">"	Afflicted	Kanji Drawing	-	Kanji_Drawing Level_37
37	狙	"<img src=""072d9.svg"">"	Aim	Kanji Drawing	-	Kanji_Drawing Level_37
37	陣	"<img src=""09663.svg"">"	Army Base	Kanji Drawing	-	Kanji_Drawing Level_37
37	塁	"<img src=""05841.svg"">"	Base, Baseball Base	Kanji Drawing	-	Kanji_Drawing Level_37
37	葬	"<img src=""0846c.svg"">"	Burial	Kanji Drawing	-	Kanji_Drawing Level_37
37	崩	"<img src=""05d29.svg"">"	Crumble	Kanji Drawing	-	Kanji_Drawing Level_37
37	掲	"<img src=""063b2.svg"">"	Display	Kanji Drawing	-	Kanji_Drawing Level_37
37	恵	"<img src=""06075.svg"">"	Favor	Kanji Drawing	-	Kanji_Drawing Level_37
37	漁	"<img src=""06f01.svg"">"	Fishing	Kanji Drawing	-	Kanji_Drawing Level_37
37	湾	"<img src=""06e7e.svg"">"	Gulf	Kanji Drawing	-	Kanji_Drawing Level_37
37	跳	"<img src=""08df3.svg"">"	Hop	Kanji Drawing	-	Kanji_Drawing Level_37
37	旬	"<img src=""065ec.svg"">"	In Season, Time Of Month, Season	Kanji Drawing	-	Kanji_Drawing Level_37
37	聴	"<img src=""08074.svg"">"	Listen	Kanji Drawing	-	Kanji_Drawing Level_37
37	臨	"<img src=""081e8.svg"">"	Look To	Kanji Drawing	-	Kanji_Drawing Level_37
37	兆	"<img src=""05146.svg"">"	Omen	Kanji Drawing	-	Kanji_Drawing Level_37
37	契	"<img src=""05951.svg"">"	Pledge	Kanji Drawing	-	Kanji_Drawing Level_37
37	刑	"<img src=""05211.svg"">"	Punish	Kanji Drawing	-	Kanji_Drawing Level_37
37	償	"<img src=""0511f.svg"">"	Reparation	Kanji Drawing	-	Kanji_Drawing Level_37
37	抵	"<img src=""062b5.svg"">"	Resist	Kanji Drawing	-	Kanji_Drawing Level_37
37	串	"<img src=""04e32.svg"">"	Skewer, Spit	Kanji Drawing	-	Kanji_Drawing Level_37
37	闘	"<img src=""095d8.svg"">"	Struggle	Kanji Drawing	-	Kanji_Drawing Level_37
37	執	"<img src=""057f7.svg"">"	Tenacious	Kanji Drawing	-	Kanji_Drawing Level_37
37	跡	"<img src=""08de1.svg"">"	Traces	Kanji Drawing	-	Kanji_Drawing Level_37
37	削	"<img src=""0524a.svg"">"	Whittle Down	Kanji Drawing	-	Kanji_Drawing Level_37
38	伴	"<img src=""04f34.svg"">"	Accompany	Kanji Drawing	-	Kanji_Drawing Level_38
38	齢	"<img src=""09f62.svg"">"	Age	Kanji Drawing	-	Kanji_Drawing Level_38
38	宜	"<img src=""05b9c.svg"">"	Best Regards	Kanji Drawing	-	Kanji_Drawing Level_38
38	噛	"<img src=""0565b.svg"">"	Bite, Chew	Kanji Drawing	-	Kanji_Drawing Level_38
38	賄	"<img src=""08cc4.svg"">"	Bribe	Kanji Drawing	-	Kanji_Drawing Level_38
38	賂	"<img src=""08cc2.svg"">"	Bribe	Kanji Drawing	-	Kanji_Drawing Level_38
38	房	"<img src=""0623f.svg"">"	Cluster	Kanji Drawing	-	Kanji_Drawing Level_38
38	託	"<img src=""08a17.svg"">"	Consign	Kanji Drawing	-	Kanji_Drawing Level_38
38	却	"<img src=""05374.svg"">"	Contrary	Kanji Drawing	-	Kanji_Drawing Level_38
38	需	"<img src=""09700.svg"">"	Demand	Kanji Drawing	-	Kanji_Drawing Level_38
38	璧	"<img src=""074a7.svg"">"	Disc, Jade Disc	Kanji Drawing	-	Kanji_Drawing Level_38
38	避	"<img src=""0907f.svg"">"	Dodge, Avoid	Kanji Drawing	-	Kanji_Drawing Level_38
38	扱	"<img src=""06271.svg"">"	Handle	Kanji Drawing	-	Kanji_Drawing Level_38
38	併	"<img src=""04f75.svg"">"	Join	Kanji Drawing	-	Kanji_Drawing Level_38
38	膝	"<img src=""0819d.svg"">"	Knee	Kanji Drawing	-	Kanji_Drawing Level_38
38	傾	"<img src=""050be.svg"">"	Lean	Kanji Drawing	-	Kanji_Drawing Level_38
38	緩	"<img src=""07de9.svg"">"	Loose	Kanji Drawing	-	Kanji_Drawing Level_38
38	奏	"<img src=""0594f.svg"">"	Play Music	Kanji Drawing	-	Kanji_Drawing Level_38
38	娠	"<img src=""05a20.svg"">"	Pregnant	Kanji Drawing	-	Kanji_Drawing Level_38
38	妊	"<img src=""0598a.svg"">"	Pregnant	Kanji Drawing	-	Kanji_Drawing Level_38
38	択	"<img src=""0629e.svg"">"	Select	Kanji Drawing	-	Kanji_Drawing Level_38
38	還	"<img src=""09084.svg"">"	Send Back	Kanji Drawing	-	Kanji_Drawing Level_38
38	繰	"<img src=""07e70.svg"">"	Spin	Kanji Drawing	-	Kanji_Drawing Level_38
38	抑	"<img src=""06291.svg"">"	Suppress	Kanji Drawing	-	Kanji_Drawing Level_38
38	称	"<img src=""079f0.svg"">"	Title	Kanji Drawing	-	Kanji_Drawing Level_38
38	盤	"<img src=""076e4.svg"">"	Tray, Platter, Board	Kanji Drawing	-	Kanji_Drawing Level_38
39	控	"<img src=""063a7.svg"">"	Abstain	Kanji Drawing	-	Kanji_Drawing Level_39
39	宛	"<img src=""05b9b.svg"">"	Address	Kanji Drawing	-	Kanji_Drawing Level_39
39	充	"<img src=""05145.svg"">"	Allocate	Kanji Drawing	-	Kanji_Drawing Level_39
39	渋	"<img src=""06e0b.svg"">"	Bitter, Astringent, Reluctant	Kanji Drawing	-	Kanji_Drawing Level_39
39	岐	"<img src=""05c90.svg"">"	Branch Off	Kanji Drawing	-	Kanji_Drawing Level_39
39	埋	"<img src=""057cb.svg"">"	Bury	Kanji Drawing	-	Kanji_Drawing Level_39
39	埼	"<img src=""057fc.svg"">"	Cape	Kanji Drawing	-	Kanji_Drawing Level_39
39	棋	"<img src=""068cb.svg"">"	Chess Piece	Kanji Drawing	-	Kanji_Drawing Level_39
39	譲	"<img src=""08b72.svg"">"	Defer	Kanji Drawing	-	Kanji_Drawing Level_39
39	雇	"<img src=""096c7.svg"">"	Employ	Kanji Drawing	-	Kanji_Drawing Level_39
39	群	"<img src=""07fa4.svg"">"	Flock	Kanji Drawing	-	Kanji_Drawing Level_39
39	枠	"<img src=""067a0.svg"">"	Frame	Kanji Drawing	-	Kanji_Drawing Level_39
39	邦	"<img src=""090a6.svg"">"	Home Country	Kanji Drawing	-	Kanji_Drawing Level_39
39	御	"<img src=""05fa1.svg"">"	Honorable	Kanji Drawing	-	Kanji_Drawing Level_39
39	慎	"<img src=""0614e.svg"">"	Humility	Kanji Drawing	-	Kanji_Drawing Level_39
39	躍	"<img src=""08e8d.svg"">"	Leap	Kanji Drawing	-	Kanji_Drawing Level_39
39	謙	"<img src=""08b19.svg"">"	Modesty	Kanji Drawing	-	Kanji_Drawing Level_39
39	阜	"<img src=""0961c.svg"">"	Mound	Kanji Drawing	-	Kanji_Drawing Level_39
39	項	"<img src=""09805.svg"">"	Paragraph	Kanji Drawing	-	Kanji_Drawing Level_39
39	斐	"<img src=""06590.svg"">"	Patterned	Kanji Drawing	-	Kanji_Drawing Level_39
39	隆	"<img src=""09686.svg"">"	Prosperity	Kanji Drawing	-	Kanji_Drawing Level_39
39	圏	"<img src=""0570f.svg"">"	Range, Sphere	Kanji Drawing	-	Kanji_Drawing Level_39
39	勧	"<img src=""052e7.svg"">"	Recommend	Kanji Drawing	-	Kanji_Drawing Level_39
39	拒	"<img src=""062d2.svg"">"	Refuse, Refusal	Kanji Drawing	-	Kanji_Drawing Level_39
39	稲	"<img src=""07a32.svg"">"	Rice Plant	Kanji Drawing	-	Kanji_Drawing Level_39
39	奪	"<img src=""0596a.svg"">"	Rob	Kanji Drawing	-	Kanji_Drawing Level_39
39	鋼	"<img src=""092fc.svg"">"	Steel	Kanji Drawing	-	Kanji_Drawing Level_39
39	甲	"<img src=""07532.svg"">"	Turtle Shell	Kanji Drawing	-	Kanji_Drawing Level_39
39	壁	"<img src=""058c1.svg"">"	Wall	Kanji Drawing	-	Kanji_Drawing Level_39
39	祉	"<img src=""07949.svg"">"	Welfare	Kanji Drawing	-	Kanji_Drawing Level_39
40	拉	"<img src=""062c9.svg"">"	Abduct, Pull	Kanji Drawing	-	Kanji_Drawing Level_40
40	敏	"<img src=""0654f.svg"">"	Alert	Kanji Drawing	-	Kanji_Drawing Level_40
40	唱	"<img src=""05531.svg"">"	Chant	Kanji Drawing	-	Kanji_Drawing Level_40
40	衝	"<img src=""0885d.svg"">"	Collide	Kanji Drawing	-	Kanji_Drawing Level_40
40	戒	"<img src=""06212.svg"">"	Commandment	Kanji Drawing	-	Kanji_Drawing Level_40
40	兼	"<img src=""0517c.svg"">"	Concurrently	Kanji Drawing	-	Kanji_Drawing Level_40
40	薄	"<img src=""08584.svg"">"	Dilute	Kanji Drawing	-	Kanji_Drawing Level_40
40	堀	"<img src=""05800.svg"">"	Ditch	Kanji Drawing	-	Kanji_Drawing Level_40
40	剤	"<img src=""05264.svg"">"	Dose	Kanji Drawing	-	Kanji_Drawing Level_40
40	雅	"<img src=""096c5.svg"">"	Elegant	Kanji Drawing	-	Kanji_Drawing Level_40
40	孝	"<img src=""05b5d.svg"">"	Filial Piety	Kanji Drawing	-	Kanji_Drawing Level_40
40	頻	"<img src=""0983b.svg"">"	Frequent	Kanji Drawing	-	Kanji_Drawing Level_40
40	駆	"<img src=""099c6.svg"">"	Gallop	Kanji Drawing	-	Kanji_Drawing Level_40
40	俊	"<img src=""04fca.svg"">"	Genius	Kanji Drawing	-	Kanji_Drawing Level_40
40	嬉	"<img src=""05b09.svg"">"	Glad, Happy	Kanji Drawing	-	Kanji_Drawing Level_40
40	誉	"<img src=""08a89.svg"">"	Honor	Kanji Drawing	-	Kanji_Drawing Level_40
40	茂	"<img src=""08302.svg"">"	Luxuriant	Kanji Drawing	-	Kanji_Drawing Level_40
40	殿	"<img src=""06bbf.svg"">"	Milord, Lord	Kanji Drawing	-	Kanji_Drawing Level_40
40	殖	"<img src=""06b96.svg"">"	Multiply	Kanji Drawing	-	Kanji_Drawing Level_40
40	麺	"<img src=""09eba.svg"">"	Noodles	Kanji Drawing	-	Kanji_Drawing Level_40
40	繁	"<img src=""07e41.svg"">"	Overgrown	Kanji Drawing	-	Kanji_Drawing Level_40
40	巡	"<img src=""05de1.svg"">"	Patrol	Kanji Drawing	-	Kanji_Drawing Level_40
40	柱	"<img src=""067f1.svg"">"	Pillar	Kanji Drawing	-	Kanji_Drawing Level_40
40	褒	"<img src=""08912.svg"">"	Praise	Kanji Drawing	-	Kanji_Drawing Level_40
40	排	"<img src=""06392.svg"">"	Reject, Refuse	Kanji Drawing	-	Kanji_Drawing Level_40
40	顧	"<img src=""09867.svg"">"	Review	Kanji Drawing	-	Kanji_Drawing Level_40
40	犠	"<img src=""072a0.svg"">"	Sacrifice	Kanji Drawing	-	Kanji_Drawing Level_40
40	獲	"<img src=""07372.svg"">"	Seize	Kanji Drawing	-	Kanji_Drawing Level_40
40	鋭	"<img src=""092ed.svg"">"	Sharp	Kanji Drawing	-	Kanji_Drawing Level_40
40	妖	"<img src=""05996.svg"">"	Supernatural, Enchanting	Kanji Drawing	-	Kanji_Drawing Level_40
40	透	"<img src=""0900f.svg"">"	Transparent	Kanji Drawing	-	Kanji_Drawing Level_40
41	棄	"<img src=""068c4.svg"">"	Abandon	Kanji Drawing	-	Kanji_Drawing Level_41
41	凄	"<img src=""051c4.svg"">"	Amazing, Wonderful, Terrible, Awful	Kanji Drawing	-	Kanji_Drawing Level_41
41	至	"<img src=""081f3.svg"">"	Attain	Kanji Drawing	-	Kanji_Drawing Level_41
41	拠	"<img src=""062e0.svg"">"	Based On	Kanji Drawing	-	Kanji_Drawing Level_41
41	蜂	"<img src=""08702.svg"">"	Bee	Kanji Drawing	-	Kanji_Drawing Level_41
41	儀	"<img src=""05100.svg"">"	Ceremony	Kanji Drawing	-	Kanji_Drawing Level_41
41	炭	"<img src=""070ad.svg"">"	Charcoal	Kanji Drawing	-	Kanji_Drawing Level_41
41	潜	"<img src=""06f5c.svg"">"	Conceal	Kanji Drawing	-	Kanji_Drawing Level_41
41	偽	"<img src=""0507d.svg"">"	Fake	Kanji Drawing	-	Kanji_Drawing Level_41
41	蛍	"<img src=""086cd.svg"">"	Firefly	Kanji Drawing	-	Kanji_Drawing Level_41
41	拳	"<img src=""062f3.svg"">"	Fist	Kanji Drawing	-	Kanji_Drawing Level_41
41	蜜	"<img src=""0871c.svg"">"	Honey	Kanji Drawing	-	Kanji_Drawing Level_41
41	仁	"<img src=""04ec1.svg"">"	Humanity	Kanji Drawing	-	Kanji_Drawing Level_41
41	遜	"<img src=""0905c.svg"">"	Humble	Kanji Drawing	-	Kanji_Drawing Level_41
41	侵	"<img src=""04fb5.svg"">"	Invade	Kanji Drawing	-	Kanji_Drawing Level_41
41	嘘	"<img src=""05618.svg"">"	Lie	Kanji Drawing	-	Kanji_Drawing Level_41
41	鉱	"<img src=""09271.svg"">"	Mineral	Kanji Drawing	-	Kanji_Drawing Level_41
41	喧	"<img src=""055a7.svg"">"	Noisy, Picky	Kanji Drawing	-	Kanji_Drawing Level_41
41	瀬	"<img src=""0702c.svg"">"	Rapids, Shallows	Kanji Drawing	-	Kanji_Drawing Level_41
41	嘩	"<img src=""05629.svg"">"	Rowdy	Kanji Drawing	-	Kanji_Drawing Level_41
41	墟	"<img src=""0589f.svg"">"	Ruins	Kanji Drawing	-	Kanji_Drawing Level_41
41	酎	"<img src=""0914e.svg"">"	Sake	Kanji Drawing	-	Kanji_Drawing Level_41
41	措	"<img src=""063aa.svg"">"	Set Aside	Kanji Drawing	-	Kanji_Drawing Level_41
41	虎	"<img src=""0864e.svg"">"	Tiger	Kanji Drawing	-	Kanji_Drawing Level_41
41	艦	"<img src=""08266.svg"">"	Warship	Kanji Drawing	-	Kanji_Drawing Level_41
41	撤	"<img src=""064a4.svg"">"	Withdrawal	Kanji Drawing	-	Kanji_Drawing Level_41
41	樹	"<img src=""06a39.svg"">"	Wood	Kanji Drawing	-	Kanji_Drawing Level_41
42	析	"<img src=""06790.svg"">"	Analysis	Kanji Drawing	-	Kanji_Drawing Level_42
42	弧	"<img src=""05f27.svg"">"	Arc	Kanji Drawing	-	Kanji_Drawing Level_42
42	到	"<img src=""05230.svg"">"	Arrival	Kanji Drawing	-	Kanji_Drawing Level_42
42	軸	"<img src=""08ef8.svg"">"	Axis, Axle	Kanji Drawing	-	Kanji_Drawing Level_42
42	挑	"<img src=""06311.svg"">"	Challenge	Kanji Drawing	-	Kanji_Drawing Level_42
42	焦	"<img src=""07126.svg"">"	Char	Kanji Drawing	-	Kanji_Drawing Level_42
42	掘	"<img src=""06398.svg"">"	Dig	Kanji Drawing	-	Kanji_Drawing Level_42
42	紛	"<img src=""07d1b.svg"">"	Distract	Kanji Drawing	-	Kanji_Drawing Level_42
42	範	"<img src=""07bc4.svg"">"	Example	Kanji Drawing	-	Kanji_Drawing Level_42
42	括	"<img src=""062ec.svg"">"	Fasten	Kanji Drawing	-	Kanji_Drawing Level_42
42	枢	"<img src=""067a2.svg"">"	Hinge	Kanji Drawing	-	Kanji_Drawing Level_42
42	潟	"<img src=""06f5f.svg"">"	Lagoon	Kanji Drawing	-	Kanji_Drawing Level_42
42	芝	"<img src=""0829d.svg"">"	Lawn	Kanji Drawing	-	Kanji_Drawing Level_42
42	肝	"<img src=""0809d.svg"">"	Liver	Kanji Drawing	-	Kanji_Drawing Level_42
42	餅	"<img src=""09905.svg"">"	Mochi, Sticky Rice Cake	Kanji Drawing	-	Kanji_Drawing Level_42
42	喪	"<img src=""055aa.svg"">"	Mourning	Kanji Drawing	-	Kanji_Drawing Level_42
42	網	"<img src=""07db2.svg"">"	Netting	Kanji Drawing	-	Kanji_Drawing Level_42
42	克	"<img src=""0514b.svg"">"	Overcome	Kanji Drawing	-	Kanji_Drawing Level_42
42	双	"<img src=""053cc.svg"">"	Pair	Kanji Drawing	-	Kanji_Drawing Level_42
42	柄	"<img src=""067c4.svg"">"	Pattern	Kanji Drawing	-	Kanji_Drawing Level_42
42	哲	"<img src=""054f2.svg"">"	Philosophy	Kanji Drawing	-	Kanji_Drawing Level_42
42	斎	"<img src=""0658e.svg"">"	Purification	Kanji Drawing	-	Kanji_Drawing Level_42
42	揺	"<img src=""063fa.svg"">"	Shake	Kanji Drawing	-	Kanji_Drawing Level_42
42	滑	"<img src=""06ed1.svg"">"	Slippery	Kanji Drawing	-	Kanji_Drawing Level_42
42	堅	"<img src=""05805.svg"">"	Solid	Kanji Drawing	-	Kanji_Drawing Level_42
42	暫	"<img src=""066ab.svg"">"	Temporarily	Kanji Drawing	-	Kanji_Drawing Level_42
42	糾	"<img src=""07cfe.svg"">"	Twist	Kanji Drawing	-	Kanji_Drawing Level_42
42	荒	"<img src=""08352.svg"">"	Wild	Kanji Drawing	-	Kanji_Drawing Level_42
43	沼	"<img src=""06cbc.svg"">"	Bog	Kanji Drawing	-	Kanji_Drawing Level_43
43	朗	"<img src=""06717.svg"">"	Bright	Kanji Drawing	-	Kanji_Drawing Level_43
43	摩	"<img src=""06469.svg"">"	Chafe	Kanji Drawing	-	Kanji_Drawing Level_43
43	懲	"<img src=""061f2.svg"">"	Chastise	Kanji Drawing	-	Kanji_Drawing Level_43
43	慰	"<img src=""06170.svg"">"	Consolation	Kanji Drawing	-	Kanji_Drawing Level_43
43	懇	"<img src=""061c7.svg"">"	Courteous	Kanji Drawing	-	Kanji_Drawing Level_43
43	距	"<img src=""08ddd.svg"">"	Distance	Kanji Drawing	-	Kanji_Drawing Level_43
43	籍	"<img src=""07c4d.svg"">"	Enroll	Kanji Drawing	-	Kanji_Drawing Level_43
43	露	"<img src=""09732.svg"">"	Expose, Dew	Kanji Drawing	-	Kanji_Drawing Level_43
43	炉	"<img src=""07089.svg"">"	Furnace	Kanji Drawing	-	Kanji_Drawing Level_43
43	擦	"<img src=""064e6.svg"">"	Grate	Kanji Drawing	-	Kanji_Drawing Level_43
43	琴	"<img src=""07434.svg"">"	Harp	Kanji Drawing	-	Kanji_Drawing Level_43
43	垣	"<img src=""057a3.svg"">"	Hedge, Fence	Kanji Drawing	-	Kanji_Drawing Level_43
43	即	"<img src=""05373.svg"">"	Instant	Kanji Drawing	-	Kanji_Drawing Level_43
43	威	"<img src=""05a01.svg"">"	Majesty	Kanji Drawing	-	Kanji_Drawing Level_43
43	滋	"<img src=""06ecb.svg"">"	Nourishing	Kanji Drawing	-	Kanji_Drawing Level_43
43	牧	"<img src=""07267.svg"">"	Pasture	Kanji Drawing	-	Kanji_Drawing Level_43
43	泰	"<img src=""06cf0.svg"">"	Peace	Kanji Drawing	-	Kanji_Drawing Level_43
43	旨	"<img src=""065e8.svg"">"	Point, Delicious	Kanji Drawing	-	Kanji_Drawing Level_43
43	刷	"<img src=""05237.svg"">"	Printing	Kanji Drawing	-	Kanji_Drawing Level_43
43	珍	"<img src=""073cd.svg"">"	Rare	Kanji Drawing	-	Kanji_Drawing Level_43
43	封	"<img src=""05c01.svg"">"	Seal, Seal In, Closing	Kanji Drawing	-	Kanji_Drawing Level_43
43	斉	"<img src=""06589.svg"">"	Simultaneous	Kanji Drawing	-	Kanji_Drawing Level_43
43	沈	"<img src=""06c88.svg"">"	Sink	Kanji Drawing	-	Kanji_Drawing Level_43
43	裂	"<img src=""088c2.svg"">"	Split, Tear	Kanji Drawing	-	Kanji_Drawing Level_43
43	潮	"<img src=""06f6e.svg"">"	Tide	Kanji Drawing	-	Kanji_Drawing Level_43
43	貢	"<img src=""08ca2.svg"">"	Tribute	Kanji Drawing	-	Kanji_Drawing Level_43
43	誰	"<img src=""08ab0.svg"">"	Who	Kanji Drawing	-	Kanji_Drawing Level_43
44	刃	"<img src=""05203.svg"">"	Blade	Kanji Drawing	-	Kanji_Drawing Level_44
44	缶	"<img src=""07f36.svg"">"	Can, Tin Can	Kanji Drawing	-	Kanji_Drawing Level_44
44	砲	"<img src=""07832.svg"">"	Cannon	Kanji Drawing	-	Kanji_Drawing Level_44
44	笠	"<img src=""07b20.svg"">"	Conical Hat	Kanji Drawing	-	Kanji_Drawing Level_44
44	拶	"<img src=""062f6.svg"">"	Draw Close, Be Imminent	Kanji Drawing	-	Kanji_Drawing Level_44
44	縁	"<img src=""07e01.svg"">"	Edge	Kanji Drawing	-	Kanji_Drawing Level_44
44	釣	"<img src=""091e3.svg"">"	Fishing	Kanji Drawing	-	Kanji_Drawing Level_44
44	吉	"<img src=""05409.svg"">"	Good Luck	Kanji Drawing	-	Kanji_Drawing Level_44
44	粒	"<img src=""07c92.svg"">"	Grains	Kanji Drawing	-	Kanji_Drawing Level_44
44	丘	"<img src=""04e18.svg"">"	Hill	Kanji Drawing	-	Kanji_Drawing Level_44
44	俺	"<img src=""04ffa.svg"">"	I, Me	Kanji Drawing	-	Kanji_Drawing Level_44
44	斗	"<img src=""06597.svg"">"	Ladle, Dipper, Volume	Kanji Drawing	-	Kanji_Drawing Level_44
44	寸	"<img src=""05bf8.svg"">"	Measurement	Kanji Drawing	-	Kanji_Drawing Level_44
44	桃	"<img src=""06843.svg"">"	Peach	Kanji Drawing	-	Kanji_Drawing Level_44
44	梨	"<img src=""068a8.svg"">"	Pear	Kanji Drawing	-	Kanji_Drawing Level_44
44	姫	"<img src=""059eb.svg"">"	Princess	Kanji Drawing	-	Kanji_Drawing Level_44
44	挨	"<img src=""06328.svg"">"	Push Open	Kanji Drawing	-	Kanji_Drawing Level_44
44	娯	"<img src=""05a2f.svg"">"	Recreation	Kanji Drawing	-	Kanji_Drawing Level_44
44	謎	"<img src=""08b0e.svg"">"	Riddle	Kanji Drawing	-	Kanji_Drawing Level_44
44	侍	"<img src=""04f8d.svg"">"	Samurai	Kanji Drawing	-	Kanji_Drawing Level_44
44	叱	"<img src=""053f1.svg"">"	Scold	Kanji Drawing	-	Kanji_Drawing Level_44
44	棚	"<img src=""068da.svg"">"	Shelf	Kanji Drawing	-	Kanji_Drawing Level_44
44	叫	"<img src=""053eb.svg"">"	Shout	Kanji Drawing	-	Kanji_Drawing Level_44
44	芽	"<img src=""082bd.svg"">"	Sprout	Kanji Drawing	-	Kanji_Drawing Level_44
44	嵐	"<img src=""05d50.svg"">"	Storm	Kanji Drawing	-	Kanji_Drawing Level_44
44	涙	"<img src=""06d99.svg"">"	Teardrop	Kanji Drawing	-	Kanji_Drawing Level_44
44	雷	"<img src=""096f7.svg"">"	Thunder	Kanji Drawing	-	Kanji_Drawing Level_44
44	塔	"<img src=""05854.svg"">"	Tower	Kanji Drawing	-	Kanji_Drawing Level_44
44	朱	"<img src=""06731.svg"">"	Vermillion	Kanji Drawing	-	Kanji_Drawing Level_44
44	翼	"<img src=""07ffc.svg"">"	Wing	Kanji Drawing	-	Kanji_Drawing Level_44
45	頃	"<img src=""09803.svg"">"	Approximate	Kanji Drawing	-	Kanji_Drawing Level_45
45	菌	"<img src=""083cc.svg"">"	Bacteria	Kanji Drawing	-	Kanji_Drawing Level_45
45	鐘	"<img src=""09418.svg"">"	Bell	Kanji Drawing	-	Kanji_Drawing Level_45
45	舟	"<img src=""0821f.svg"">"	Boat	Kanji Drawing	-	Kanji_Drawing Level_45
45	嫁	"<img src=""05ac1.svg"">"	Bride	Kanji Drawing	-	Kanji_Drawing Level_45
45	暦	"<img src=""066a6.svg"">"	Calendar	Kanji Drawing	-	Kanji_Drawing Level_45
45	也	"<img src=""04e5f.svg"">"	Considerably	Kanji Drawing	-	Kanji_Drawing Level_45
45	呪	"<img src=""0546a.svg"">"	Curse	Kanji Drawing	-	Kanji_Drawing Level_45
45	湿	"<img src=""06e7f.svg"">"	Damp	Kanji Drawing	-	Kanji_Drawing Level_45
45	稼	"<img src=""07a3c.svg"">"	Earnings	Kanji Drawing	-	Kanji_Drawing Level_45
45	翔	"<img src=""07fd4.svg"">"	Fly	Kanji Drawing	-	Kanji_Drawing Level_45
45	賭	"<img src=""08ced.svg"">"	Gamble	Kanji Drawing	-	Kanji_Drawing Level_45
45	霊	"<img src=""0970a.svg"">"	Ghost	Kanji Drawing	-	Kanji_Drawing Level_45
45	溝	"<img src=""06e9d.svg"">"	Gutter	Kanji Drawing	-	Kanji_Drawing Level_45
45	狩	"<img src=""072e9.svg"">"	Hunt	Kanji Drawing	-	Kanji_Drawing Level_45
45	脚	"<img src=""0811a.svg"">"	Leg	Kanji Drawing	-	Kanji_Drawing Level_45
45	澄	"<img src=""06f84.svg"">"	Lucidity	Kanji Drawing	-	Kanji_Drawing Level_45
45	塊	"<img src=""0584a.svg"">"	Lump	Kanji Drawing	-	Kanji_Drawing Level_45
45	裸	"<img src=""088f8.svg"">"	Naked, Nude	Kanji Drawing	-	Kanji_Drawing Level_45
45	岳	"<img src=""05cb3.svg"">"	Peak	Kanji Drawing	-	Kanji_Drawing Level_45
45	陰	"<img src=""09670.svg"">"	Shade	Kanji Drawing	-	Kanji_Drawing Level_45
45	肌	"<img src=""0808c.svg"">"	Skin	Kanji Drawing	-	Kanji_Drawing Level_45
45	魂	"<img src=""09b42.svg"">"	Soul, Spirit	Kanji Drawing	-	Kanji_Drawing Level_45
45	矛	"<img src=""077db.svg"">"	Spear	Kanji Drawing	-	Kanji_Drawing Level_45
45	眺	"<img src=""0773a.svg"">"	Stare	Kanji Drawing	-	Kanji_Drawing Level_45
45	硬	"<img src=""0786c.svg"">"	Stiff	Kanji Drawing	-	Kanji_Drawing Level_45
45	卓	"<img src=""05353.svg"">"	Table	Kanji Drawing	-	Kanji_Drawing Level_45
45	凶	"<img src=""051f6.svg"">"	Villain	Kanji Drawing	-	Kanji_Drawing Level_45
45	滝	"<img src=""06edd.svg"">"	Waterfall	Kanji Drawing	-	Kanji_Drawing Level_45
46	墨	"<img src=""058a8.svg"">"	Black Ink, Ink	Kanji Drawing	-	Kanji_Drawing Level_46
46	瞬	"<img src=""077ac.svg"">"	Blink	Kanji Drawing	-	Kanji_Drawing Level_46
46	泡	"<img src=""06ce1.svg"">"	Bubbles	Kanji Drawing	-	Kanji_Drawing Level_46
46	穏	"<img src=""07a4f.svg"">"	Calm	Kanji Drawing	-	Kanji_Drawing Level_46
46	孔	"<img src=""05b54.svg"">"	Cavity, Hole	Kanji Drawing	-	Kanji_Drawing Level_46
46	椅	"<img src=""06905.svg"">"	Chair	Kanji Drawing	-	Kanji_Drawing Level_46
46	菊	"<img src=""083ca.svg"">"	Chrysanthemum	Kanji Drawing	-	Kanji_Drawing Level_46
46	綿	"<img src=""07dbf.svg"">"	Cotton	Kanji Drawing	-	Kanji_Drawing Level_46
46	鳩	"<img src=""09ce9.svg"">"	Dove, Pigeon	Kanji Drawing	-	Kanji_Drawing Level_46
46	鈍	"<img src=""0920d.svg"">"	Dull	Kanji Drawing	-	Kanji_Drawing Level_46
46	鍛	"<img src=""0935b.svg"">"	Forge	Kanji Drawing	-	Kanji_Drawing Level_46
46	碁	"<img src=""07881.svg"">"	Go	Kanji Drawing	-	Kanji_Drawing Level_46
46	癖	"<img src=""07656.svg"">"	Habit	Kanji Drawing	-	Kanji_Drawing Level_46
46	穂	"<img src=""07a42.svg"">"	Head of Plant, Ear Of Plant	Kanji Drawing	-	Kanji_Drawing Level_46
46	吾	"<img src=""0543e.svg"">"	I, Me	Kanji Drawing	-	Kanji_Drawing Level_46
46	庄	"<img src=""05e84.svg"">"	Manor	Kanji Drawing	-	Kanji_Drawing Level_46
46	棟	"<img src=""068df.svg"">"	Pillar	Kanji Drawing	-	Kanji_Drawing Level_46
46	誇	"<img src=""08a87.svg"">"	Pride	Kanji Drawing	-	Kanji_Drawing Level_46
46	瞳	"<img src=""077b3.svg"">"	Pupil	Kanji Drawing	-	Kanji_Drawing Level_46
46	寧	"<img src=""05be7.svg"">"	Rather	Kanji Drawing	-	Kanji_Drawing Level_46
46	俵	"<img src=""04ff5.svg"">"	Sack	Kanji Drawing	-	Kanji_Drawing Level_46
46	幽	"<img src=""05e7d.svg"">"	Secluded	Kanji Drawing	-	Kanji_Drawing Level_46
46	架	"<img src=""067b6.svg"">"	Shelf	Kanji Drawing	-	Kanji_Drawing Level_46
46	黙	"<img src=""09ed9.svg"">"	Shut Up	Kanji Drawing	-	Kanji_Drawing Level_46
46	斬	"<img src=""065ac.svg"">"	Slice	Kanji Drawing	-	Kanji_Drawing Level_46
46	帝	"<img src=""05e1d.svg"">"	Sovereign	Kanji Drawing	-	Kanji_Drawing Level_46
46	租	"<img src=""079df.svg"">"	Tariff	Kanji Drawing	-	Kanji_Drawing Level_46
46	錬	"<img src=""0932c.svg"">"	Tempering	Kanji Drawing	-	Kanji_Drawing Level_46
46	阻	"<img src=""0963b.svg"">"	Thwart	Kanji Drawing	-	Kanji_Drawing Level_46
46	零	"<img src=""096f6.svg"">"	Zero, Spill	Kanji Drawing	-	Kanji_Drawing Level_46
47	幣	"<img src=""05e63.svg"">"	Cash	Kanji Drawing	-	Kanji_Drawing Level_47
47	箸	"<img src=""07bb8.svg"">"	Chopsticks	Kanji Drawing	-	Kanji_Drawing Level_47
47	瞭	"<img src=""077ad.svg"">"	Clear	Kanji Drawing	-	Kanji_Drawing Level_47
47	崖	"<img src=""05d16.svg"">"	Cliff	Kanji Drawing	-	Kanji_Drawing Level_47
47	炊	"<img src=""0708a.svg"">"	Cook	Kanji Drawing	-	Kanji_Drawing Level_47
47	墜	"<img src=""0589c.svg"">"	Crash	Kanji Drawing	-	Kanji_Drawing Level_47
47	塀	"<img src=""05840.svg"">"	Fence	Kanji Drawing	-	Kanji_Drawing Level_47
47	霧	"<img src=""09727.svg"">"	Fog	Kanji Drawing	-	Kanji_Drawing Level_47
47	扉	"<img src=""06249.svg"">"	Front Door	Kanji Drawing	-	Kanji_Drawing Level_47
47	恨	"<img src=""06068.svg"">"	Grudge	Kanji Drawing	-	Kanji_Drawing Level_47
47	憎	"<img src=""0618e.svg"">"	Hate	Kanji Drawing	-	Kanji_Drawing Level_47
47	佐	"<img src=""04f50.svg"">"	Help	Kanji Drawing	-	Kanji_Drawing Level_47
47	挿	"<img src=""0633f.svg"">"	Insert	Kanji Drawing	-	Kanji_Drawing Level_47
47	伊	"<img src=""04f0a.svg"">"	Italy	Kanji Drawing	-	Kanji_Drawing Level_47
47	如	"<img src=""05982.svg"">"	Likeness	Kanji Drawing	-	Kanji_Drawing Level_47
47	唇	"<img src=""05507.svg"">"	Lips	Kanji Drawing	-	Kanji_Drawing Level_47
47	掌	"<img src=""0638c.svg"">"	Manipulate	Kanji Drawing	-	Kanji_Drawing Level_47
47	婆	"<img src=""05a46.svg"">"	Old Woman	Kanji Drawing	-	Kanji_Drawing Level_47
47	虹	"<img src=""08679.svg"">"	Rainbow	Kanji Drawing	-	Kanji_Drawing Level_47
47	爽	"<img src=""0723d.svg"">"	Refreshing	Kanji Drawing	-	Kanji_Drawing Level_47
47	憩	"<img src=""061a9.svg"">"	Rest	Kanji Drawing	-	Kanji_Drawing Level_47
47	煎	"<img src=""0714e.svg"">"	Roast	Kanji Drawing	-	Kanji_Drawing Level_47
47	尺	"<img src=""05c3a.svg"">"	Shaku, Japanese Foot	Kanji Drawing	-	Kanji_Drawing Level_47
47	砕	"<img src=""07815.svg"">"	Smash	Kanji Drawing	-	Kanji_Drawing Level_47
47	胴	"<img src=""080f4.svg"">"	Torso	Kanji Drawing	-	Kanji_Drawing Level_47
47	巾	"<img src=""05dfe.svg"">"	Towel	Kanji Drawing	-	Kanji_Drawing Level_47
47	芯	"<img src=""082af.svg"">"	Wick	Kanji Drawing	-	Kanji_Drawing Level_47
47	柳	"<img src=""067f3.svg"">"	Willow	Kanji Drawing	-	Kanji_Drawing Level_47
48	遂	"<img src=""09042.svg"">"	Accomplish	Kanji Drawing	-	Kanji_Drawing Level_48
48	蓄	"<img src=""084c4.svg"">"	Amass	Kanji Drawing	-	Kanji_Drawing Level_48
48	脇	"<img src=""08107.svg"">"	Armpit	Kanji Drawing	-	Kanji_Drawing Level_48
48	鉢	"<img src=""09262.svg"">"	Bowl	Kanji Drawing	-	Kanji_Drawing Level_48
48	賢	"<img src=""08ce2.svg"">"	Clever	Kanji Drawing	-	Kanji_Drawing Level_48
48	彩	"<img src=""05f69.svg"">"	Coloring, Colouring	Kanji Drawing	-	Kanji_Drawing Level_48
48	隙	"<img src=""09699.svg"">"	Crevice	Kanji Drawing	-	Kanji_Drawing Level_48
48	培	"<img src=""057f9.svg"">"	Cultivate	Kanji Drawing	-	Kanji_Drawing Level_48
48	闇	"<img src=""095c7.svg"">"	Darkness	Kanji Drawing	-	Kanji_Drawing Level_48
48	斜	"<img src=""0659c.svg"">"	Diagonal	Kanji Drawing	-	Kanji_Drawing Level_48
48	尽	"<img src=""05c3d.svg"">"	Exhaust	Kanji Drawing	-	Kanji_Drawing Level_48
48	霜	"<img src=""0971c.svg"">"	Frost	Kanji Drawing	-	Kanji_Drawing Level_48
48	穫	"<img src=""07a6b.svg"">"	Harvest	Kanji Drawing	-	Kanji_Drawing Level_48
48	麻	"<img src=""09ebb.svg"">"	Hemp	Kanji Drawing	-	Kanji_Drawing Level_48
48	騎	"<img src=""09a0e.svg"">"	Horse	Kanji Drawing	-	Kanji_Drawing Level_48
48	辱	"<img src=""08fb1.svg"">"	Humiliate	Kanji Drawing	-	Kanji_Drawing Level_48
48	灯	"<img src=""0706f.svg"">"	Lamp	Kanji Drawing	-	Kanji_Drawing Level_48
48	畜	"<img src=""0755c.svg"">"	Livestock	Kanji Drawing	-	Kanji_Drawing Level_48
48	溶	"<img src=""06eb6.svg"">"	Melt	Kanji Drawing	-	Kanji_Drawing Level_48
48	塗	"<img src=""05857.svg"">"	Paint	Kanji Drawing	-	Kanji_Drawing Level_48
48	輝	"<img src=""08f1d.svg"">"	Radiance	Kanji Drawing	-	Kanji_Drawing Level_48
48	憶	"<img src=""061b6.svg"">"	Recollection	Kanji Drawing	-	Kanji_Drawing Level_48
48	悔	"<img src=""06094.svg"">"	Regret	Kanji Drawing	-	Kanji_Drawing Level_48
48	耐	"<img src=""08010.svg"">"	Resistant	Kanji Drawing	-	Kanji_Drawing Level_48
48	盾	"<img src=""076fe.svg"">"	Shield	Kanji Drawing	-	Kanji_Drawing Level_48
48	蛇	"<img src=""086c7.svg"">"	Snake	Kanji Drawing	-	Kanji_Drawing Level_48
48	班	"<img src=""073ed.svg"">"	Squad	Kanji Drawing	-	Kanji_Drawing Level_48
48	餓	"<img src=""09913.svg"">"	Starve	Kanji Drawing	-	Kanji_Drawing Level_48
48	飢	"<img src=""098e2.svg"">"	Starve	Kanji Drawing	-	Kanji_Drawing Level_48
48	迅	"<img src=""08fc5.svg"">"	Swift	Kanji Drawing	-	Kanji_Drawing Level_48
48	脅	"<img src=""08105.svg"">"	Threaten	Kanji Drawing	-	Kanji_Drawing Level_48
49	概	"<img src=""06982.svg"">"	Approximation	Kanji Drawing	-	Kanji_Drawing Level_49
49	拘	"<img src=""062d8.svg"">"	Arrest	Kanji Drawing	-	Kanji_Drawing Level_49
49	覆	"<img src=""08986.svg"">"	Capsize, Cover	Kanji Drawing	-	Kanji_Drawing Level_49
49	駒	"<img src=""099d2.svg"">"	Chess Piece	Kanji Drawing	-	Kanji_Drawing Level_49
49	悟	"<img src=""0609f.svg"">"	Comprehension	Kanji Drawing	-	Kanji_Drawing Level_49
49	慌	"<img src=""0614c.svg"">"	Confused, Bewildered	Kanji Drawing	-	Kanji_Drawing Level_49
49	謀	"<img src=""08b00.svg"">"	Conspire	Kanji Drawing	-	Kanji_Drawing Level_49
49	鶴	"<img src=""09db4.svg"">"	Crane	Kanji Drawing	-	Kanji_Drawing Level_49
49	拓	"<img src=""062d3.svg"">"	Cultivation	Kanji Drawing	-	Kanji_Drawing Level_49
49	衰	"<img src=""08870.svg"">"	Decline	Kanji Drawing	-	Kanji_Drawing Level_49
49	淡	"<img src=""06de1.svg"">"	Faint	Kanji Drawing	-	Kanji_Drawing Level_49
49	礎	"<img src=""0790e.svg"">"	Foundation	Kanji Drawing	-	Kanji_Drawing Level_49
49	陛	"<img src=""0965b.svg"">"	Highness	Kanji Drawing	-	Kanji_Drawing Level_49
49	浸	"<img src=""06d78.svg"">"	Immersed	Kanji Drawing	-	Kanji_Drawing Level_49
49	劣	"<img src=""052a3.svg"">"	Inferiority	Kanji Drawing	-	Kanji_Drawing Level_49
49	勘	"<img src=""052d8.svg"">"	Intuition	Kanji Drawing	-	Kanji_Drawing Level_49
49	隔	"<img src=""09694.svg"">"	Isolate	Kanji Drawing	-	Kanji_Drawing Level_49
49	蹴	"<img src=""08e74.svg"">"	Kick	Kanji Drawing	-	Kanji_Drawing Level_49
49	桑	"<img src=""06851.svg"">"	Mulberry	Kanji Drawing	-	Kanji_Drawing Level_49
49	尼	"<img src=""05c3c.svg"">"	Nun	Kanji Drawing	-	Kanji_Drawing Level_49
49	珠	"<img src=""073e0.svg"">"	Pearl	Kanji Drawing	-	Kanji_Drawing Level_49
49	抽	"<img src=""062bd.svg"">"	Pluck	Kanji Drawing	-	Kanji_Drawing Level_49
49	壇	"<img src=""058c7.svg"">"	Podium	Kanji Drawing	-	Kanji_Drawing Level_49
49	陶	"<img src=""09676.svg"">"	Pottery	Kanji Drawing	-	Kanji_Drawing Level_49
49	妃	"<img src=""05983.svg"">"	Princess, Queen	Kanji Drawing	-	Kanji_Drawing Level_49
49	唯	"<img src=""0552f.svg"">"	Solely	Kanji Drawing	-	Kanji_Drawing Level_49
49	剛	"<img src=""0525b.svg"">"	Sturdy	Kanji Drawing	-	Kanji_Drawing Level_49
49	征	"<img src=""05f81.svg"">"	Subjugate	Kanji Drawing	-	Kanji_Drawing Level_49
49	誓	"<img src=""08a93.svg"">"	Vow	Kanji Drawing	-	Kanji_Drawing Level_49
49	俗	"<img src=""04fd7.svg"">"	Vulgar	Kanji Drawing	-	Kanji_Drawing Level_49
49	潤	"<img src=""06f64.svg"">"	Watered	Kanji Drawing	-	Kanji_Drawing Level_49
50	偶	"<img src=""05076.svg"">"	Accidentally	Kanji Drawing	-	Kanji_Drawing Level_50
50	巧	"<img src=""05de7.svg"">"	Adept	Kanji Drawing	-	Kanji_Drawing Level_50
50	鰐	"<img src=""09c10.svg"">"	Alligator, Crocodile	Kanji Drawing	-	Kanji_Drawing Level_50
50	把	"<img src=""0628a.svg"">"	Bundle, Grasp	Kanji Drawing	-	Kanji_Drawing Level_50
50	洞	"<img src=""06d1e.svg"">"	Cave	Kanji Drawing	-	Kanji_Drawing Level_50
50	伯	"<img src=""04f2f.svg"">"	Chief	Kanji Drawing	-	Kanji_Drawing Level_50
50	彰	"<img src=""05f70.svg"">"	Clear	Kanji Drawing	-	Kanji_Drawing Level_50
50	諮	"<img src=""08aee.svg"">"	Consult	Kanji Drawing	-	Kanji_Drawing Level_50
50	廷	"<img src=""05ef7.svg"">"	Courts	Kanji Drawing	-	Kanji_Drawing Level_50
50	蟹	"<img src=""087f9.svg"">"	Crab	Kanji Drawing	-	Kanji_Drawing Level_50
50	晶	"<img src=""06676.svg"">"	Crystal	Kanji Drawing	-	Kanji_Drawing Level_50
50	堰	"<img src=""05830.svg"">"	Dam	Kanji Drawing	-	Kanji_Drawing Level_50
50	漂	"<img src=""06f02.svg"">"	Drift	Kanji Drawing	-	Kanji_Drawing Level_50
50	淀	"<img src=""06dc0.svg"">"	Eddy	Kanji Drawing	-	Kanji_Drawing Level_50
50	堤	"<img src=""05824.svg"">"	Embankment	Kanji Drawing	-	Kanji_Drawing Level_50
50	后	"<img src=""0540e.svg"">"	Empress	Kanji Drawing	-	Kanji_Drawing Level_50
50	疫	"<img src=""075ab.svg"">"	Epidemic	Kanji Drawing	-	Kanji_Drawing Level_50
50	鬱	"<img src=""09b31.svg"">"	Gloom	Kanji Drawing	-	Kanji_Drawing Level_50
50	涯	"<img src=""06daf.svg"">"	Horizon	Kanji Drawing	-	Kanji_Drawing Level_50
50	銘	"<img src=""09298.svg"">"	Inscription	Kanji Drawing	-	Kanji_Drawing Level_50
50	仰	"<img src=""04ef0.svg"">"	Look Up To	Kanji Drawing	-	Kanji_Drawing Level_50
50	簿	"<img src=""07c3f.svg"">"	Record Book	Kanji Drawing	-	Kanji_Drawing Level_50
50	亭	"<img src=""04ead.svg"">"	Restaurant	Kanji Drawing	-	Kanji_Drawing Level_50
50	訂	"<img src=""08a02.svg"">"	Revise	Kanji Drawing	-	Kanji_Drawing Level_50
50	壮	"<img src=""058ee.svg"">"	Robust	Kanji Drawing	-	Kanji_Drawing Level_50
50	軌	"<img src=""08ecc.svg"">"	Rut	Kanji Drawing	-	Kanji_Drawing Level_50
50	奮	"<img src=""0596e.svg"">"	Stirred Up	Kanji Drawing	-	Kanji_Drawing Level_50
50	峰	"<img src=""05cf0.svg"">"	Summit	Kanji Drawing	-	Kanji_Drawing Level_50
50	墳	"<img src=""058b3.svg"">"	Tomb	Kanji Drawing	-	Kanji_Drawing Level_50
50	搬	"<img src=""0642c.svg"">"	Transport	Kanji Drawing	-	Kanji_Drawing Level_50
51	肯	"<img src=""080af.svg"">"	Agreement, Consent	Kanji Drawing	-	Kanji_Drawing Level_51
51	浦	"<img src=""06d66.svg"">"	Bay	Kanji Drawing	-	Kanji_Drawing Level_51
51	挟	"<img src=""0631f.svg"">"	Between	Kanji Drawing	-	Kanji_Drawing Level_51
51	瓶	"<img src=""074f6.svg"">"	Bottle, Jar	Kanji Drawing	-	Kanji_Drawing Level_51
51	貞	"<img src=""08c9e.svg"">"	Chastity	Kanji Drawing	-	Kanji_Drawing Level_51
51	亮	"<img src=""04eae.svg"">"	Clear	Kanji Drawing	-	Kanji_Drawing Level_51
51	襟	"<img src=""0895f.svg"">"	Collar	Kanji Drawing	-	Kanji_Drawing Level_51
51	隅	"<img src=""09685.svg"">"	Corner	Kanji Drawing	-	Kanji_Drawing Level_51
51	郡	"<img src=""090e1.svg"">"	County, District	Kanji Drawing	-	Kanji_Drawing Level_51
51	燥	"<img src=""071e5.svg"">"	Dry Up	Kanji Drawing	-	Kanji_Drawing Level_51
51	釈	"<img src=""091c8.svg"">"	Explanation	Kanji Drawing	-	Kanji_Drawing Level_51
51	脂	"<img src=""08102.svg"">"	Fat	Kanji Drawing	-	Kanji_Drawing Level_51
51	偉	"<img src=""05049.svg"">"	Greatness	Kanji Drawing	-	Kanji_Drawing Level_51
51	軒	"<img src=""08ed2.svg"">"	House Counter, Eaves	Kanji Drawing	-	Kanji_Drawing Level_51
51	蓮	"<img src=""084ee.svg"">"	Lotus	Kanji Drawing	-	Kanji_Drawing Level_51
51	慈	"<img src=""06148.svg"">"	Mercy	Kanji Drawing	-	Kanji_Drawing Level_51
51	塚	"<img src=""0585a.svg"">"	Mound	Kanji Drawing	-	Kanji_Drawing Level_51
51	肪	"<img src=""080aa.svg"">"	Obese, Fat	Kanji Drawing	-	Kanji_Drawing Level_51
51	耕	"<img src=""08015.svg"">"	Plow	Kanji Drawing	-	Kanji_Drawing Level_51
51	媛	"<img src=""05a9b.svg"">"	Princess, Beautiful Woman	Kanji Drawing	-	Kanji_Drawing Level_51
51	邸	"<img src=""090b8.svg"">"	Residence	Kanji Drawing	-	Kanji_Drawing Level_51
51	喚	"<img src=""0559a.svg"">"	Scream, Yell	Kanji Drawing	-	Kanji_Drawing Level_51
51	苗	"<img src=""082d7.svg"">"	Seedling, Sapling	Kanji Drawing	-	Kanji_Drawing Level_51
51	隻	"<img src=""096bb.svg"">"	Ship Counter	Kanji Drawing	-	Kanji_Drawing Level_51
51	軟	"<img src=""08edf.svg"">"	Soft	Kanji Drawing	-	Kanji_Drawing Level_51
51	郊	"<img src=""090ca.svg"">"	Suburbs	Kanji Drawing	-	Kanji_Drawing Level_51
51	渦	"<img src=""06e26.svg"">"	Whirlpool	Kanji Drawing	-	Kanji_Drawing Level_51
51	聡	"<img src=""08061.svg"">"	Wise	Kanji Drawing	-	Kanji_Drawing Level_51
51	枯	"<img src=""067af.svg"">"	Wither	Kanji Drawing	-	Kanji_Drawing Level_51
52	祥	"<img src=""07965.svg"">"	Auspicious	Kanji Drawing	-	Kanji_Drawing Level_52
52	偏	"<img src=""0504f.svg"">"	Biased	Kanji Drawing	-	Kanji_Drawing Level_52
52	茨	"<img src=""08328.svg"">"	Briar, Thorn	Kanji Drawing	-	Kanji_Drawing Level_52
52	陥	"<img src=""09665.svg"">"	Cave In	Kanji Drawing	-	Kanji_Drawing Level_52
52	鎖	"<img src=""09396.svg"">"	Chain	Kanji Drawing	-	Kanji_Drawing Level_52
52	賠	"<img src=""08ce0.svg"">"	Compensation, Compensate	Kanji Drawing	-	Kanji_Drawing Level_52
52	恒	"<img src=""06052.svg"">"	Constant, Always	Kanji Drawing	-	Kanji_Drawing Level_52
52	綾	"<img src=""07dbe.svg"">"	Design	Kanji Drawing	-	Kanji_Drawing Level_52
52	没	"<img src=""06ca1.svg"">"	Die	Kanji Drawing	-	Kanji_Drawing Level_52
52	擁	"<img src=""064c1.svg"">"	Embrace	Kanji Drawing	-	Kanji_Drawing Level_52
52	遭	"<img src=""0906d.svg"">"	Encounter, Meet	Kanji Drawing	-	Kanji_Drawing Level_52
52	噴	"<img src=""05674.svg"">"	Erupt	Kanji Drawing	-	Kanji_Drawing Level_52
52	殊	"<img src=""06b8a.svg"">"	Especially	Kanji Drawing	-	Kanji_Drawing Level_52
52	倫	"<img src=""0502b.svg"">"	Ethics	Kanji Drawing	-	Kanji_Drawing Level_52
52	陳	"<img src=""09673.svg"">"	Exhibit	Kanji Drawing	-	Kanji_Drawing Level_52
52	隼	"<img src=""096bc.svg"">"	Falcon	Kanji Drawing	-	Kanji_Drawing Level_52
52	乃	"<img src=""04e43.svg"">"	From	Kanji Drawing	-	Kanji_Drawing Level_52
52	輔	"<img src=""08f14.svg"">"	Help	Kanji Drawing	-	Kanji_Drawing Level_52
52	猟	"<img src=""0731f.svg"">"	Hunting	Kanji Drawing	-	Kanji_Drawing Level_52
52	唆	"<img src=""05506.svg"">"	Instigate	Kanji Drawing	-	Kanji_Drawing Level_52
52	惰	"<img src=""060f0.svg"">"	Lazy	Kanji Drawing	-	Kanji_Drawing Level_52
52	須	"<img src=""09808.svg"">"	Necessary	Kanji Drawing	-	Kanji_Drawing Level_52
52	牲	"<img src=""07272.svg"">"	Offering	Kanji Drawing	-	Kanji_Drawing Level_52
52	秩	"<img src=""079e9.svg"">"	Order, Regularity	Kanji Drawing	-	Kanji_Drawing Level_52
52	孤	"<img src=""05b64.svg"">"	Orphan, Alone	Kanji Drawing	-	Kanji_Drawing Level_52
52	芳	"<img src=""082b3.svg"">"	Perfume	Kanji Drawing	-	Kanji_Drawing Level_52
52	貫	"<img src=""08cab.svg"">"	Pierce, Sushi Counter	Kanji Drawing	-	Kanji_Drawing Level_52
52	糧	"<img src=""07ce7.svg"">"	Provisions	Kanji Drawing	-	Kanji_Drawing Level_52
52	颯	"<img src=""098af.svg"">"	Quick, Sudden	Kanji Drawing	-	Kanji_Drawing Level_52
52	膨	"<img src=""081a8.svg"">"	Swell	Kanji Drawing	-	Kanji_Drawing Level_52
52	遇	"<img src=""09047.svg"">"	Treatment	Kanji Drawing	-	Kanji_Drawing Level_52
53	諭	"<img src=""08aed.svg"">"	Admonish	Kanji Drawing	-	Kanji_Drawing Level_53
53	随	"<img src=""0968f.svg"">"	All	Kanji Drawing	-	Kanji_Drawing Level_53
53	胡	"<img src=""080e1.svg"">"	Barbarian	Kanji Drawing	-	Kanji_Drawing Level_53
53	搭	"<img src=""0642d.svg"">"	Board, Embark	Kanji Drawing	-	Kanji_Drawing Level_53
53	錦	"<img src=""09326.svg"">"	Brocade	Kanji Drawing	-	Kanji_Drawing Level_53
53	胞	"<img src=""080de.svg"">"	Cell, Placenta	Kanji Drawing	-	Kanji_Drawing Level_53
53	浄	"<img src=""06d44.svg"">"	Cleanse, Purify	Kanji Drawing	-	Kanji_Drawing Level_53
53	帥	"<img src=""05e25.svg"">"	Commander	Kanji Drawing	-	Kanji_Drawing Level_53
53	諒	"<img src=""08ad2.svg"">"	Comprehend, Reality	Kanji Drawing	-	Kanji_Drawing Level_53
53	蒙	"<img src=""08499.svg"">"	Darkness	Kanji Drawing	-	Kanji_Drawing Level_53
53	曙	"<img src=""066d9.svg"">"	Dawn	Kanji Drawing	-	Kanji_Drawing Level_53
53	稿	"<img src=""07a3f.svg"">"	Draft	Kanji Drawing	-	Kanji_Drawing Level_53
53	啓	"<img src=""05553.svg"">"	Enlighten	Kanji Drawing	-	Kanji_Drawing Level_53
53	披	"<img src=""062ab.svg"">"	Expose	Kanji Drawing	-	Kanji_Drawing Level_53
53	繊	"<img src=""07e4a.svg"">"	Fiber, Slender	Kanji Drawing	-	Kanji_Drawing Level_53
53	徐	"<img src=""05f90.svg"">"	Gently, Gentle	Kanji Drawing	-	Kanji_Drawing Level_53
53	葵	"<img src=""08475.svg"">"	Hollyhock	Kanji Drawing	-	Kanji_Drawing Level_53
53	騰	"<img src=""09a30.svg"">"	Inflation	Kanji Drawing	-	Kanji_Drawing Level_53
53	据	"<img src=""0636e.svg"">"	Install	Kanji Drawing	-	Kanji_Drawing Level_53
53	莉	"<img src=""08389.svg"">"	Jasmine	Kanji Drawing	-	Kanji_Drawing Level_53
53	緯	"<img src=""07def.svg"">"	Latitude	Kanji Drawing	-	Kanji_Drawing Level_53
53	瓜	"<img src=""074dc.svg"">"	Melon	Kanji Drawing	-	Kanji_Drawing Level_53
53	虐	"<img src=""08650.svg"">"	Oppress	Kanji Drawing	-	Kanji_Drawing Level_53
53	戴	"<img src=""06234.svg"">"	Receive	Kanji Drawing	-	Kanji_Drawing Level_53
53	艇	"<img src=""08247.svg"">"	Rowboat	Kanji Drawing	-	Kanji_Drawing Level_53
53	丹	"<img src=""04e39.svg"">"	Rust Colored, Red, Sincerity	Kanji Drawing	-	Kanji_Drawing Level_53
53	緋	"<img src=""07dcb.svg"">"	Scarlet	Kanji Drawing	-	Kanji_Drawing Level_53
53	准	"<img src=""051c6.svg"">"	Semi	Kanji Drawing	-	Kanji_Drawing Level_53
53	舗	"<img src=""08217.svg"">"	Shop, Store	Kanji Drawing	-	Kanji_Drawing Level_53
53	壌	"<img src=""058cc.svg"">"	Soil, Earth	Kanji Drawing	-	Kanji_Drawing Level_53
53	駿	"<img src=""099ff.svg"">"	Speed	Kanji Drawing	-	Kanji_Drawing Level_53
53	剰	"<img src=""05270.svg"">"	Surplus	Kanji Drawing	-	Kanji_Drawing Level_53
53	寛	"<img src=""05bdb.svg"">"	Tolerance	Kanji Drawing	-	Kanji_Drawing Level_53
54	庶	"<img src=""05eb6.svg"">"	All, Bastard	Kanji Drawing	-	Kanji_Drawing Level_54
54	且	"<img src=""04e14.svg"">"	Also	Kanji Drawing	-	Kanji_Drawing Level_54
54	顕	"<img src=""09855.svg"">"	Appear, Exist	Kanji Drawing	-	Kanji_Drawing Level_54
54	杏	"<img src=""0674f.svg"">"	Apricot	Kanji Drawing	-	Kanji_Drawing Level_54
54	栞	"<img src=""0681e.svg"">"	Bookmark	Kanji Drawing	-	Kanji_Drawing Level_54
54	欄	"<img src=""06b04.svg"">"	Column, Space	Kanji Drawing	-	Kanji_Drawing Level_54
54	冠	"<img src=""051a0.svg"">"	Crown, Cap	Kanji Drawing	-	Kanji_Drawing Level_54
54	酷	"<img src=""09177.svg"">"	Cruel, Unjust	Kanji Drawing	-	Kanji_Drawing Level_54
54	叙	"<img src=""053d9.svg"">"	Describe	Kanji Drawing	-	Kanji_Drawing Level_54
54	逸	"<img src=""09038.svg"">"	Deviate, Elude	Kanji Drawing	-	Kanji_Drawing Level_54
54	紋	"<img src=""07d0b.svg"">"	Family Crest	Kanji Drawing	-	Kanji_Drawing Level_54
54	愚	"<img src=""0611a.svg"">"	Foolish	Kanji Drawing	-	Kanji_Drawing Level_54
54	尚	"<img src=""05c1a.svg"">"	Furthermore, Esteem	Kanji Drawing	-	Kanji_Drawing Level_54
54	悠	"<img src=""060a0.svg"">"	Leisure	Kanji Drawing	-	Kanji_Drawing Level_54
54	勲	"<img src=""052f2.svg"">"	Merit	Kanji Drawing	-	Kanji_Drawing Level_54
54	疎	"<img src=""0758e.svg"">"	Neglect, Sparse	Kanji Drawing	-	Kanji_Drawing Level_54
54	謡	"<img src=""08b21.svg"">"	Noh Chanting, Noh Chant	Kanji Drawing	-	Kanji_Drawing Level_54
54	哺	"<img src=""054fa.svg"">"	Nurse, Suckle	Kanji Drawing	-	Kanji_Drawing Level_54
54	栽	"<img src=""0683d.svg"">"	Planting	Kanji Drawing	-	Kanji_Drawing Level_54
54	践	"<img src=""08df5.svg"">"	Practice, Trample	Kanji Drawing	-	Kanji_Drawing Level_54
54	呈	"<img src=""05448.svg"">"	Present, Display	Kanji Drawing	-	Kanji_Drawing Level_54
54	傲	"<img src=""050b2.svg"">"	Proud	Kanji Drawing	-	Kanji_Drawing Level_54
54	疾	"<img src=""075be.svg"">"	Rapidly, Rapid	Kanji Drawing	-	Kanji_Drawing Level_54
54	茜	"<img src=""0831c.svg"">"	Red Dye	Kanji Drawing	-	Kanji_Drawing Level_54
54	酬	"<img src=""0916c.svg"">"	Repay	Kanji Drawing	-	Kanji_Drawing Level_54
54	呆	"<img src=""05446.svg"">"	Shock	Kanji Drawing	-	Kanji_Drawing Level_54
54	粛	"<img src=""07c9b.svg"">"	Solemn	Kanji Drawing	-	Kanji_Drawing Level_54
54	茎	"<img src=""0830e.svg"">"	Stem	Kanji Drawing	-	Kanji_Drawing Level_54
54	痴	"<img src=""075f4.svg"">"	Stupid	Kanji Drawing	-	Kanji_Drawing Level_54
54	鯨	"<img src=""09be8.svg"">"	Whale	Kanji Drawing	-	Kanji_Drawing Level_54
54	卸	"<img src=""05378.svg"">"	Wholesale	Kanji Drawing	-	Kanji_Drawing Level_54
55	累	"<img src=""07d2f.svg"">"	Accumulate	Kanji Drawing	-	Kanji_Drawing Level_55
55	伏	"<img src=""04f0f.svg"">"	Bow, Lay	Kanji Drawing	-	Kanji_Drawing Level_55
55	虜	"<img src=""0865c.svg"">"	Captive	Kanji Drawing	-	Kanji_Drawing Level_55
55	循	"<img src=""05faa.svg"">"	Circulation, Sequential	Kanji Drawing	-	Kanji_Drawing Level_55
55	粗	"<img src=""07c97.svg"">"	Coarse, Rough	Kanji Drawing	-	Kanji_Drawing Level_55
55	凝	"<img src=""051dd.svg"">"	Congeal, Freeze, Absorbed In	Kanji Drawing	-	Kanji_Drawing Level_55
55	栓	"<img src=""06813.svg"">"	Cork, Plug	Kanji Drawing	-	Kanji_Drawing Level_55
55	瑛	"<img src=""0745b.svg"">"	Crystal	Kanji Drawing	-	Kanji_Drawing Level_55
55	旦	"<img src=""065e6.svg"">"	Dawn	Kanji Drawing	-	Kanji_Drawing Level_55
55	奉	"<img src=""05949.svg"">"	Dedicate	Kanji Drawing	-	Kanji_Drawing Level_55
55	遼	"<img src=""0907c.svg"">"	Distant	Kanji Drawing	-	Kanji_Drawing Level_55
55	郭	"<img src=""090ed.svg"">"	Enclosure	Kanji Drawing	-	Kanji_Drawing Level_55
55	抹	"<img src=""062b9.svg"">"	Erase	Kanji Drawing	-	Kanji_Drawing Level_55
55	佳	"<img src=""04f73.svg"">"	Excellent, Skilled	Kanji Drawing	-	Kanji_Drawing Level_55
55	惜	"<img src=""060dc.svg"">"	Frugal	Kanji Drawing	-	Kanji_Drawing Level_55
55	憂	"<img src=""06182.svg"">"	Grief	Kanji Drawing	-	Kanji_Drawing Level_55
55	悼	"<img src=""060bc.svg"">"	Grieve, Mourn	Kanji Drawing	-	Kanji_Drawing Level_55
55	癒	"<img src=""07652.svg"">"	Healing, Cure	Kanji Drawing	-	Kanji_Drawing Level_55
55	栃	"<img src=""06803.svg"">"	Horse Chestnut	Kanji Drawing	-	Kanji_Drawing Level_55
55	龍	"<img src=""09f8d.svg"">"	Imperial, Dragon	Kanji Drawing	-	Kanji_Drawing Level_55
55	弥	"<img src=""05f25.svg"">"	Increasing	Kanji Drawing	-	Kanji_Drawing Level_55
55	髄	"<img src=""09ac4.svg"">"	Marrow, Bone Marrow	Kanji Drawing	-	Kanji_Drawing Level_55
55	傍	"<img src=""0508d.svg"">"	Nearby, Side	Kanji Drawing	-	Kanji_Drawing Level_55
55	愉	"<img src=""06109.svg"">"	Pleasant	Kanji Drawing	-	Kanji_Drawing Level_55
55	赴	"<img src=""08d74.svg"">"	Proceed, Move On	Kanji Drawing	-	Kanji_Drawing Level_55
55	昌	"<img src=""0660c.svg"">"	Prosperous, Prosperity	Kanji Drawing	-	Kanji_Drawing Level_55
55	憾	"<img src=""061be.svg"">"	Remorse, Regret	Kanji Drawing	-	Kanji_Drawing Level_55
55	朴	"<img src=""06734.svg"">"	Simple, Crude	Kanji Drawing	-	Kanji_Drawing Level_55
55	脊	"<img src=""0810a.svg"">"	Stature, Height	Kanji Drawing	-	Kanji_Drawing Level_55
55	該	"<img src=""08a72.svg"">"	The Above, That Specifically	Kanji Drawing	-	Kanji_Drawing Level_55
55	之	"<img src=""04e4b.svg"">"	This	Kanji Drawing	-	Kanji_Drawing Level_55
55	鎮	"<img src=""093ae.svg"">"	Tranquilize	Kanji Drawing	-	Kanji_Drawing Level_55
55	尿	"<img src=""05c3f.svg"">"	Urine, Pee	Kanji Drawing	-	Kanji_Drawing Level_55
55	賓	"<img src=""08cd3.svg"">"	VIP, Guest	Kanji Drawing	-	Kanji_Drawing Level_55
56	匠	"<img src=""05320.svg"">"	Artisan	Kanji Drawing	-	Kanji_Drawing Level_56
56	拍	"<img src=""062cd.svg"">"	Beat	Kanji Drawing	-	Kanji_Drawing Level_56
56	縛	"<img src=""07e1b.svg"">"	Bind, Restrain	Kanji Drawing	-	Kanji_Drawing Level_56
56	飽	"<img src=""098fd.svg"">"	Bored, Sated	Kanji Drawing	-	Kanji_Drawing Level_56
56	柴	"<img src=""067f4.svg"">"	Brushwood, Firewood	Kanji Drawing	-	Kanji_Drawing Level_56
56	蝶	"<img src=""08776.svg"">"	Butterfly	Kanji Drawing	-	Kanji_Drawing Level_56
56	弦	"<img src=""05f26.svg"">"	Chord, Bowstring	Kanji Drawing	-	Kanji_Drawing Level_56
56	凛	"<img src=""051db.svg"">"	Cold	Kanji Drawing	-	Kanji_Drawing Level_56
56	庸	"<img src=""05eb8.svg"">"	Common	Kanji Drawing	-	Kanji_Drawing Level_56
56	轄	"<img src=""08f44.svg"">"	Control	Kanji Drawing	-	Kanji_Drawing Level_56
56	悦	"<img src=""060a6.svg"">"	Delight, Joy	Kanji Drawing	-	Kanji_Drawing Level_56
56	窮	"<img src=""07aae.svg"">"	Destitute	Kanji Drawing	-	Kanji_Drawing Level_56
56	嘉	"<img src=""05609.svg"">"	Esteem, Praise	Kanji Drawing	-	Kanji_Drawing Level_56
56	弊	"<img src=""05f0a.svg"">"	Evil	Kanji Drawing	-	Kanji_Drawing Level_56
56	遥	"<img src=""09065.svg"">"	Far Off, Far Away	Kanji Drawing	-	Kanji_Drawing Level_56
56	洪	"<img src=""06d2a.svg"">"	Flood	Kanji Drawing	-	Kanji_Drawing Level_56
56	紳	"<img src=""07d33.svg"">"	Gentleman	Kanji Drawing	-	Kanji_Drawing Level_56
56	呉	"<img src=""05449.svg"">"	Give	Kanji Drawing	-	Kanji_Drawing Level_56
56	穀	"<img src=""07a40.svg"">"	Grain	Kanji Drawing	-	Kanji_Drawing Level_56
56	摂	"<img src=""06442.svg"">"	In Addition	Kanji Drawing	-	Kanji_Drawing Level_56
56	宰	"<img src=""05bb0.svg"">"	Manager	Kanji Drawing	-	Kanji_Drawing Level_56
56	陵	"<img src=""09675.svg"">"	Mausoleum, Tomb	Kanji Drawing	-	Kanji_Drawing Level_56
56	凡	"<img src=""051e1.svg"">"	Mediocre	Kanji Drawing	-	Kanji_Drawing Level_56
56	尉	"<img src=""05c09.svg"">"	Military Officer, Military Rank	Kanji Drawing	-	Kanji_Drawing Level_56
56	錯	"<img src=""0932f.svg"">"	Mixed, Confused	Kanji Drawing	-	Kanji_Drawing Level_56
56	靖	"<img src=""09756.svg"">"	Peaceful	Kanji Drawing	-	Kanji_Drawing Level_56
56	恭	"<img src=""0606d.svg"">"	Respect	Kanji Drawing	-	Kanji_Drawing Level_56
56	縫	"<img src=""07e2b.svg"">"	Sew	Kanji Drawing	-	Kanji_Drawing Level_56
56	舶	"<img src=""08236.svg"">"	Ship	Kanji Drawing	-	Kanji_Drawing Level_56
56	搾	"<img src=""0643e.svg"">"	Squeeze	Kanji Drawing	-	Kanji_Drawing Level_56
56	猶	"<img src=""07336.svg"">"	Still, Yet	Kanji Drawing	-	Kanji_Drawing Level_56
56	窒	"<img src=""07a92.svg"">"	Suffocate	Kanji Drawing	-	Kanji_Drawing Level_56
56	碑	"<img src=""07891.svg"">"	Tombstone	Kanji Drawing	-	Kanji_Drawing Level_56
56	智	"<img src=""0667a.svg"">"	Wisdom	Kanji Drawing	-	Kanji_Drawing Level_56
57	款	"<img src=""06b3e.svg"">"	Article, Sincerity	Kanji Drawing	-	Kanji_Drawing Level_57
57	醸	"<img src=""091b8.svg"">"	Brew	Kanji Drawing	-	Kanji_Drawing Level_57
57	凹	"<img src=""051f9.svg"">"	Concave, Hollow	Kanji Drawing	-	Kanji_Drawing Level_57
57	弔	"<img src=""05f14.svg"">"	Condolence	Kanji Drawing	-	Kanji_Drawing Level_57
57	凸	"<img src=""051f8.svg"">"	Convex, Uneven	Kanji Drawing	-	Kanji_Drawing Level_57
57	烏	"<img src=""070cf.svg"">"	Crow	Kanji Drawing	-	Kanji_Drawing Level_57
57	敢	"<img src=""06562.svg"">"	Daring	Kanji Drawing	-	Kanji_Drawing Level_57
57	堕	"<img src=""05815.svg"">"	Degenerate	Kanji Drawing	-	Kanji_Drawing Level_57
57	鼓	"<img src=""09f13.svg"">"	Drum, Beat	Kanji Drawing	-	Kanji_Drawing Level_57
57	衡	"<img src=""08861.svg"">"	Equilibrium	Kanji Drawing	-	Kanji_Drawing Level_57
57	伐	"<img src=""04f10.svg"">"	Fell, Attack	Kanji Drawing	-	Kanji_Drawing Level_57
57	酵	"<img src=""09175.svg"">"	Fermentation, Ferment	Kanji Drawing	-	Kanji_Drawing Level_57
57	閲	"<img src=""095b2.svg"">"	Inspection	Kanji Drawing	-	Kanji_Drawing Level_57
57	遮	"<img src=""0906e.svg"">"	Intercept	Kanji Drawing	-	Kanji_Drawing Level_57
57	腸	"<img src=""08178.svg"">"	Intestines	Kanji Drawing	-	Kanji_Drawing Level_57
57	瑠	"<img src=""07460.svg"">"	Lapis Lazuli	Kanji Drawing	-	Kanji_Drawing Level_57
57	乙	"<img src=""04e59.svg"">"	Latter, B	Kanji Drawing	-	Kanji_Drawing Level_57
57	楓	"<img src=""06953.svg"">"	Maple	Kanji Drawing	-	Kanji_Drawing Level_57
57	膜	"<img src=""0819c.svg"">"	Membrane	Kanji Drawing	-	Kanji_Drawing Level_57
57	蒼	"<img src=""084bc.svg"">"	Pale, Blue	Kanji Drawing	-	Kanji_Drawing Level_57
57	漬	"<img src=""06f2c.svg"">"	Pickle	Kanji Drawing	-	Kanji_Drawing Level_57
57	哉	"<img src=""054c9.svg"">"	Question Mark, ?	Kanji Drawing	-	Kanji_Drawing Level_57
57	峡	"<img src=""05ce1.svg"">"	Ravine	Kanji Drawing	-	Kanji_Drawing Level_57
57	賊	"<img src=""08cca.svg"">"	Robber	Kanji Drawing	-	Kanji_Drawing Level_57
57	旋	"<img src=""065cb.svg"">"	Rotation, Revolution	Kanji Drawing	-	Kanji_Drawing Level_57
57	俸	"<img src=""04ff8.svg"">"	Salary	Kanji Drawing	-	Kanji_Drawing Level_57
57	喝	"<img src=""0559d.svg"">"	Scold	Kanji Drawing	-	Kanji_Drawing Level_57
57	羅	"<img src=""07f85.svg"">"	Spread Out, Arrange	Kanji Drawing	-	Kanji_Drawing Level_57
57	萌	"<img src=""0840c.svg"">"	Sprout	Kanji Drawing	-	Kanji_Drawing Level_57
57	槽	"<img src=""069fd.svg"">"	Tank, Vat	Kanji Drawing	-	Kanji_Drawing Level_57
57	坪	"<img src=""0576a.svg"">"	Two Mat Area	Kanji Drawing	-	Kanji_Drawing Level_57
57	遍	"<img src=""0904d.svg"">"	Universal	Kanji Drawing	-	Kanji_Drawing Level_57
57	胎	"<img src=""080ce.svg"">"	Womb, Uterus	Kanji Drawing	-	Kanji_Drawing Level_57
58	陪	"<img src=""0966a.svg"">"	Accompany	Kanji Drawing	-	Kanji_Drawing Level_58
58	扶	"<img src=""06276.svg"">"	Aid	Kanji Drawing	-	Kanji_Drawing Level_58
58	迭	"<img src=""08fed.svg"">"	Alternate	Kanji Drawing	-	Kanji_Drawing Level_58
58	瑞	"<img src=""0745e.svg"">"	Congratulations	Kanji Drawing	-	Kanji_Drawing Level_58
58	暁	"<img src=""06681.svg"">"	Dawn	Kanji Drawing	-	Kanji_Drawing Level_58
58	剖	"<img src=""05256.svg"">"	Divide	Kanji Drawing	-	Kanji_Drawing Level_58
58	凌	"<img src=""051cc.svg"">"	Endure	Kanji Drawing	-	Kanji_Drawing Level_58
58	藩	"<img src=""085e9.svg"">"	Fiefdom	Kanji Drawing	-	Kanji_Drawing Level_58
58	譜	"<img src=""08b5c.svg"">"	Genealogy, Score	Kanji Drawing	-	Kanji_Drawing Level_58
58	璃	"<img src=""07483.svg"">"	Glassy	Kanji Drawing	-	Kanji_Drawing Level_58
58	淑	"<img src=""06dd1.svg"">"	Graceful	Kanji Drawing	-	Kanji_Drawing Level_58
58	傑	"<img src=""05091.svg"">"	Greatness, Excellence	Kanji Drawing	-	Kanji_Drawing Level_58
58	殻	"<img src=""06bbb.svg"">"	Husk, Shell	Kanji Drawing	-	Kanji_Drawing Level_58
58	錠	"<img src=""09320.svg"">"	Lock	Kanji Drawing	-	Kanji_Drawing Level_58
58	媒	"<img src=""05a92.svg"">"	Mediator	Kanji Drawing	-	Kanji_Drawing Level_58
58	濁	"<img src=""06fc1.svg"">"	Muddy, Impure	Kanji Drawing	-	Kanji_Drawing Level_58
58	椎	"<img src=""0690e.svg"">"	Oak, Oak Tree	Kanji Drawing	-	Kanji_Drawing Level_58
58	赦	"<img src=""08d66.svg"">"	Pardon	Kanji Drawing	-	Kanji_Drawing Level_58
58	戯	"<img src=""0622f.svg"">"	Play	Kanji Drawing	-	Kanji_Drawing Level_58
58	享	"<img src=""04eab.svg"">"	Receive	Kanji Drawing	-	Kanji_Drawing Level_58
58	嘱	"<img src=""05631.svg"">"	Request, Entrust	Kanji Drawing	-	Kanji_Drawing Level_58
58	肖	"<img src=""08096.svg"">"	Resemblance	Kanji Drawing	-	Kanji_Drawing Level_58
58	憤	"<img src=""061a4.svg"">"	Resent	Kanji Drawing	-	Kanji_Drawing Level_58
58	漣	"<img src=""06f23.svg"">"	Ripples	Kanji Drawing	-	Kanji_Drawing Level_58
58	朽	"<img src=""0673d.svg"">"	Rot, Decay	Kanji Drawing	-	Kanji_Drawing Level_58
58	奔	"<img src=""05954.svg"">"	Run, Bustle	Kanji Drawing	-	Kanji_Drawing Level_58
58	帆	"<img src=""05e06.svg"">"	Sail	Kanji Drawing	-	Kanji_Drawing Level_58
58	菅	"<img src=""083c5.svg"">"	Sedge	Kanji Drawing	-	Kanji_Drawing Level_58
58	酌	"<img src=""0914c.svg"">"	Serve	Kanji Drawing	-	Kanji_Drawing Level_58
58	慨	"<img src=""06168.svg"">"	Sigh	Kanji Drawing	-	Kanji_Drawing Level_58
58	絹	"<img src=""07d79.svg"">"	Silk	Kanji Drawing	-	Kanji_Drawing Level_58
58	窃	"<img src=""07a83.svg"">"	Steal	Kanji Drawing	-	Kanji_Drawing Level_58
58	硫	"<img src=""0786b.svg"">"	Sulfur, Sulphur	Kanji Drawing	-	Kanji_Drawing Level_58
59	亜	"<img src=""04e9c.svg"">"	Asia	Kanji Drawing	-	Kanji_Drawing Level_59
59	屯	"<img src=""05c6f.svg"">"	Barracks	Kanji Drawing	-	Kanji_Drawing Level_59
59	岬	"<img src=""05cac.svg"">"	Cape	Kanji Drawing	-	Kanji_Drawing Level_59
59	鋳	"<img src=""092f3.svg"">"	Cast, Casting	Kanji Drawing	-	Kanji_Drawing Level_59
59	拙	"<img src=""062d9.svg"">"	Clumsy, Unskillful	Kanji Drawing	-	Kanji_Drawing Level_59
59	詠	"<img src=""08a60.svg"">"	Compose, Recite	Kanji Drawing	-	Kanji_Drawing Level_59
59	慶	"<img src=""06176.svg"">"	Congratulate	Kanji Drawing	-	Kanji_Drawing Level_59
59	酪	"<img src=""0916a.svg"">"	Dairy	Kanji Drawing	-	Kanji_Drawing Level_59
59	篤	"<img src=""07be4.svg"">"	Deliberate	Kanji Drawing	-	Kanji_Drawing Level_59
59	侮	"<img src=""04fae.svg"">"	Despise	Kanji Drawing	-	Kanji_Drawing Level_59
59	堪	"<img src=""0582a.svg"">"	Endure	Kanji Drawing	-	Kanji_Drawing Level_59
59	禍	"<img src=""0798d.svg"">"	Evil, Misfortune	Kanji Drawing	-	Kanji_Drawing Level_59
59	雌	"<img src=""096cc.svg"">"	Female	Kanji Drawing	-	Kanji_Drawing Level_59
59	睦	"<img src=""07766.svg"">"	Friendly	Kanji Drawing	-	Kanji_Drawing Level_59
59	胆	"<img src=""080c6.svg"">"	Guts	Kanji Drawing	-	Kanji_Drawing Level_59
59	漆	"<img src=""06f06.svg"">"	Lacquer, Varnish	Kanji Drawing	-	Kanji_Drawing Level_59
59	閑	"<img src=""09591.svg"">"	Leisure	Kanji Drawing	-	Kanji_Drawing Level_59
59	憧	"<img src=""061a7.svg"">"	Long For, Yearn	Kanji Drawing	-	Kanji_Drawing Level_59
59	卑	"<img src=""05351.svg"">"	Lowly, Base	Kanji Drawing	-	Kanji_Drawing Level_59
59	姻	"<img src=""059fb.svg"">"	Marry	Kanji Drawing	-	Kanji_Drawing Level_59
59	忌	"<img src=""05fcc.svg"">"	Mourning	Kanji Drawing	-	Kanji_Drawing Level_59
59	曹	"<img src=""066f9.svg"">"	Official	Kanji Drawing	-	Kanji_Drawing Level_59
59	峠	"<img src=""05ce0.svg"">"	Peak	Kanji Drawing	-	Kanji_Drawing Level_59
59	吟	"<img src=""0541f.svg"">"	Recital	Kanji Drawing	-	Kanji_Drawing Level_59
59	礁	"<img src=""07901.svg"">"	Reef	Kanji Drawing	-	Kanji_Drawing Level_59
59	沙	"<img src=""06c99.svg"">"	Sand	Kanji Drawing	-	Kanji_Drawing Level_59
59	蔑	"<img src=""08511.svg"">"	Scorn, Neglect	Kanji Drawing	-	Kanji_Drawing Level_59
59	汰	"<img src=""06c70.svg"">"	Select	Kanji Drawing	-	Kanji_Drawing Level_59
59	紡	"<img src=""07d21.svg"">"	Spinning, Spin	Kanji Drawing	-	Kanji_Drawing Level_59
59	遷	"<img src=""09077.svg"">"	Transition	Kanji Drawing	-	Kanji_Drawing Level_59
59	叔	"<img src=""053d4.svg"">"	Uncle, Aunt	Kanji Drawing	-	Kanji_Drawing Level_59
59	甚	"<img src=""0751a.svg"">"	Very, Great	Kanji Drawing	-	Kanji_Drawing Level_59
59	梓	"<img src=""06893.svg"">"	Wood Block	Kanji Drawing	-	Kanji_Drawing Level_59
59	崇	"<img src=""05d07.svg"">"	Worship, Revere	Kanji Drawing	-	Kanji_Drawing Level_59
60	煩	"<img src=""07169.svg"">"	Annoy, Annoying	Kanji Drawing	-	Kanji_Drawing Level_60
60	蛮	"<img src=""086ee.svg"">"	Barbarian	Kanji Drawing	-	Kanji_Drawing Level_60
60	廉	"<img src=""05ec9.svg"">"	Bargain	Kanji Drawing	-	Kanji_Drawing Level_60
60	劾	"<img src=""052be.svg"">"	Censure	Kanji Drawing	-	Kanji_Drawing Level_60
60	某	"<img src=""067d0.svg"">"	Certain, One, That Person	Kanji Drawing	-	Kanji_Drawing Level_60
60	矯	"<img src=""077ef.svg"">"	Correct, Straighten	Kanji Drawing	-	Kanji_Drawing Level_60
60	囚	"<img src=""056da.svg"">"	Criminal	Kanji Drawing	-	Kanji_Drawing Level_60
60	逝	"<img src=""0901d.svg"">"	Die	Kanji Drawing	-	Kanji_Drawing Level_60
60	狐	"<img src=""072d0.svg"">"	Fox	Kanji Drawing	-	Kanji_Drawing Level_60
60	漸	"<img src=""06f38.svg"">"	Gradually, Steadily	Kanji Drawing	-	Kanji_Drawing Level_60
60	升	"<img src=""05347.svg"">"	Grid, Measure	Kanji Drawing	-	Kanji_Drawing Level_60
60	婿	"<img src=""05a7f.svg"">"	Groom	Kanji Drawing	-	Kanji_Drawing Level_60
60	匿	"<img src=""0533f.svg"">"	Hide	Kanji Drawing	-	Kanji_Drawing Level_60
60	藍	"<img src=""085cd.svg"">"	Indigo	Kanji Drawing	-	Kanji_Drawing Level_60
60	桟	"<img src=""0685f.svg"">"	Jetty, Pier	Kanji Drawing	-	Kanji_Drawing Level_60
60	殉	"<img src=""06b89.svg"">"	Martyr	Kanji Drawing	-	Kanji_Drawing Level_60
60	坑	"<img src=""05751.svg"">"	Pit, Hole	Kanji Drawing	-	Kanji_Drawing Level_60
60	罷	"<img src=""07f77.svg"">"	Quit, Leave	Kanji Drawing	-	Kanji_Drawing Level_60
60	妄	"<img src=""05984.svg"">"	Reckless	Kanji Drawing	-	Kanji_Drawing Level_60
60	藻	"<img src=""085fb.svg"">"	Seaweed	Kanji Drawing	-	Kanji_Drawing Level_60
60	泌	"<img src=""06ccc.svg"">"	Secrete	Kanji Drawing	-	Kanji_Drawing Level_60
60	唄	"<img src=""05504.svg"">"	Shamisen Song	Kanji Drawing	-	Kanji_Drawing Level_60
60	畔	"<img src=""07554.svg"">"	Shore	Kanji Drawing	-	Kanji_Drawing Level_60
60	倹	"<img src=""05039.svg"">"	Thrifty, Frugal	Kanji Drawing	-	Kanji_Drawing Level_60
60	拷	"<img src=""062f7.svg"">"	Torture	Kanji Drawing	-	Kanji_Drawing Level_60
60	醜	"<img src=""0919c.svg"">"	Ugly	Kanji Drawing	-	Kanji_Drawing Level_60
60	渓	"<img src=""06e13.svg"">"	Valley	Kanji Drawing	-	Kanji_Drawing Level_60
60	湧	"<img src=""06e67.svg"">"	Well, Boil	Kanji Drawing	-	Kanji_Drawing Level_60
60	寡	"<img src=""05be1.svg"">"	Widow	Kanji Drawing	-	Kanji_Drawing Level_60
60	慕	"<img src=""06155.svg"">"	Yearn For, Adore	Kanji Drawing	-	Kanji_Drawing Level_60
